chapter,number,stem,option_a,option_b,option_c,option_d,option_e,answer
第1-2章 细胞的损伤、适应与修复,1,外科病理学应用最广泛的病理学研究方法是,尸体剖验,细胞培养和组织培养,动物实验,电镜,活检,C
第1-2章 细胞的损伤、适应与修复,2,易发生干性坏疽的器官是：,肺,阑尾,膀胱,四肢,子宫,E
第1-2章 细胞的损伤、适应与修复,3,脱落细胞学可用来检查,痰液,尿液,胸腔积液,乳房穿刺物,以上均可,C
第1-2章 细胞的损伤、适应与修复,4,细胞水肿和脂变常发生在,肺、脾、肾,心、脾、肺,心、肝、肠,肝、肾、脾,心、肝、肾,B
第1-2章 细胞的损伤、适应与修复,5,病理学被视为桥梁学科的原因是,与基础医学关系密切,与临床医学关系密切,能为临床医学的学习打下坚实的基础,能指导临床的治疗,与A、B、C有关,D
第1-2章 细胞的损伤、适应与修复,6,下列哪种组织再生能力最强：,腺体,骨骼肌,神经细胞,软骨,平滑肌,C
第1-2章 细胞的损伤、适应与修复,7,下列哪种不是病理学的研究范畴,病因学,发病机制,疾病的治疗,病理变化,患病机体的功能、代谢变化,D
第1-2章 细胞的损伤、适应与修复,8,关于动物实验，下列描述中哪项是错误的,在适宜的动物身上可以复制某种疾病,动物实验的结果可以直接应用于人体,可以了解疾病的病理发展过程,可在一定程度上了解药物或其他因素,可利用动物研究疾病的病因、发病机,E
第1-2章 细胞的损伤、适应与修复,9,“静脉石”的形成是静脉内的血栓发生了,机化,钙化,包裹,脱落,吸收,D
第1-2章 细胞的损伤、适应与修复,10,下列哪种色素与细胞萎缩有关,胆色素,疟色素,脂褐素,黑色素,含铁血黄素,C
第1-2章 细胞的损伤、适应与修复,11,不属于细胞、组织的适应性变化的病变是,萎缩,发育不全,肥大,增生,化生,E
第1-2章 细胞的损伤、适应与修复,12,缺碘所致的甲状腺肿大属于：,过再生性增生,再生性增生,甲状腺肥大,内分泌障碍性增生,甲状腺增生合并肥大,B
第1-2章 细胞的损伤、适应与修复,13,组织发生坏死时，间质发生变化的情况应该是,和实质细胞同时发生,较实质细胞出现更早,一般不发生改变,在实质细胞病变之后发生,只发生轻度变化,B
第1-2章 细胞的损伤、适应与修复,14,“肥大”是指：,实质细胞数目增多,实质细胞体积增大,组织、器官体积的增大,是细胞、组织、器官体积的增大,间质增生,B
第1-2章 细胞的损伤、适应与修复,15,在坏死组织发生分离排出的过程中，下列哪项描述的内容不够合适,有溶解现象出现,有炎性过程参与,可产生空洞,不会形成包裹,一定会形成溃疡,E
第1-2章 细胞的损伤、适应与修复,16,结核球的形成是干酪样坏死物被,机化,钙化,包裹,排出,吸收,B
第1-2章 细胞的损伤、适应与修复,17,一般来说，当坏死灶较大不能溶解吸收或完全机化时，下列哪一项叙述较合适,一定形成空洞,最易分离排除,不会形成溃疡,大多产生包裹,长期不发生变化,A
第1-2章 细胞的损伤、适应与修复,18,在组织学上看到有细胞核固缩、碎裂、溶解时．说明：,细胞正开始死亡,细胞的功能还有可能恢复,细胞的功能虽然可能恢复. 但已极为,细胞已经死亡了一段时间,细胞浆可能还没有发生改变,E
第1-2章 细胞的损伤、适应与修复,19,肉芽组织是由……组成：,吞噬细胞和成纤维细胞,新生毛细血管和成纤维细胞,新生毛细血管和单核细胞,单核细胞、巨细胞和淋巴细胞形成的,以上都不是,C
第1-2章 细胞的损伤、适应与修复,20,急性胃炎时，表浅胃黏膜坏死脱落可形成,糜烂,窦道,瘘管,空洞,溃疡,A
第1-2章 细胞的损伤、适应与修复,21,坏死对机体的影响与下列哪项无关,坏死细胞的生理重要性,坏死细胞的数量,坏死细胞所在器官的再生能力,发生坏死器官的贮备代偿能力,坏死灶有无形成脓肿,A
第1-2章 细胞的损伤、适应与修复,22,下述哪项不是心脏萎缩的肉眼特点,体积小,呈褐色,心肌质地硬韧,心脏表面血管弯曲,心脏表面血管增粗,C
第1-2章 细胞的损伤、适应与修复,23,下列哪项不属于萎缩,老年女性的子宫,老年男性的睾丸,青春期以后的胸腺,呆小症,脊髓灰质炎患儿的下肢瘦小,D
第1-2章 细胞的损伤、适应与修复,24,脑萎缩的大体特征是,脑沟加深，脑回变窄,脑沟加深，脑回增宽,脑沟变窄，脑回增宽,脑沟变窄，脑回变窄,脑沟变浅，脑回变窄,E
第1-2章 细胞的损伤、适应与修复,25,老年人产生萎缩的器官主要是(),心、肾,脑、心,肝、肺,心、肺,肾、脑,A
第1-2章 细胞的损伤、适应与修复,26,下列哪种情况常可引起脑萎缩,脑动脉粥样硬化,脑膜炎,脑脓肿,脑梗死,颅内压升高,B
第1-2章 细胞的损伤、适应与修复,27,含铁血黄素是在下列哪种细胞内形成的,多核巨细胞,单核巨噬细胞,嗜酸粒细胞,中性粒细胞,红细胞,C
第1-2章 细胞的损伤、适应与修复,28,确诊淀粉样变常用的染色法是,刚果红染色,苏丹Ⅲ染色,普鲁士蓝染色,PAS 染色,HE 染色,E
第1-2章 细胞的损伤、适应与修复,29,一种成熟的组织变成另一种成熟组织的过程称为：,机化,钙化,分化,化生,适应,C
第1-2章 细胞的损伤、适应与修复,30,关于结核病引起的干酪样坏死，下列哪一项是错误的,坏死灶呈淡黄色，均匀细腻,镜下，坏死彻底，呈无结构的颗粒状,容易钙化,容易液化，容易吸收,坏死中心结核菌少,B
第1-2章 细胞的损伤、适应与修复,31,下列哪种疾病不可能发生纤维结缔组织玻璃样变,结核性纤维素性胸膜炎,硅肺,慢性表浅性胃炎,肝硬化,心肌梗死,D
第1-2章 细胞的损伤、适应与修复,32,引起细胞脂肪变性的主要原因不包括,贫血,严重挤压,感染,中毒,缺氧,E
第1-2章 细胞的损伤、适应与修复,33,四肢骨折石膏固定后引起的骨骼肌萎缩．主要属于：,神经性萎缩,废用性萎缩,压迫性萎缩,营养不良性萎缩,生理性萎缩,C
第1-2章 细胞的损伤、适应与修复,34,形成两端开放的通道性坏死的缺损称,糜烂,窦道,瘘管,空洞,溃疡,B
第1-2章 细胞的损伤、适应与修复,35,下述哪种肿瘤的发生可与化生有关,皮肤鳞状细胞癌,肾盂移行细胞癌,肠黏液腺癌,肝胆管上皮癌,肠型胃癌,D
第1-2章 细胞的损伤、适应与修复,36,化生不可能发生于,纤维结缔组织,神经纤维组织,胃黏膜上皮,胆囊黏膜上皮,鼻腔黏膜上皮,E
第1-2章 细胞的损伤、适应与修复,37,下列组织或器官若发生增生，哪种有可能不受激素作用,唾液腺,甲状腺,肾上腺,前列腺,垂体,D
第1-2章 细胞的损伤、适应与修复,38,关于肥大，下列描述中哪项不正确,肥大可伴化生,妊娠子宫增大为肥大伴增生,组织和器官的肥大其功能增强,心脏肥大是由于细胞增生引起的,肥大器官超过其代偿能力常导致失代,B
第1-2章 细胞的损伤、适应与修复,39,液化性坏死主要发生于：,肺,肾,脑,心,肝,E
第1-2章 细胞的损伤、适应与修复,40,细胞缺氧时最常见的病理变化是,线粒体肿胀,内质网破裂,核糖体脱落,脂褐素增多,溶酶体增多,B
第1-2章 细胞的损伤、适应与修复,41,恶性肿瘤晚期患者，常引起,全身性萎缩,局部性萎缩,废用性萎缩,内分泌性萎缩,压迫性萎缩,D
第1-2章 细胞的损伤、适应与修复,42,组织中沉积的钙盐在HE染色时，下列哪项描述是正确的,红色颗粒状,黑褐色颗粒状,蓝色粗颗粒状,粉红色颗粒状,黄褐色颗粒状,D
第1-2章 细胞的损伤、适应与修复,43,光镜下判断细胞是否坏死，主要观察,染色质形态的改变,核仁形态的改变,细胞质形态的改变,细胞核形态的改变,细胞形态的改变,E
第1-2章 细胞的损伤、适应与修复,44,细胞水肿发生的机理是,内质网受损,线粒体受损,高尔基氏器受损,核糖体受损,中心体受损,C
第1-2章 细胞的损伤、适应与修复,45,细胞坏死时，具有标志性的改变是,核溶解、胞质浓缩和胞膜破裂,核碎裂、核膜破裂和核质浓缩,核溶解、核质少和胞膜破裂,核固缩、胞质浓缩和细胞膜皱缩,核固缩、核碎裂和核溶解,C
第1-2章 细胞的损伤、适应与修复,46,子宫内膜增生症属于,生理性增生,代偿性增生,内分泌性增生,不典型增生,肿瘤性增生,B
第1-2章 细胞的损伤、适应与修复,47,按组织再生能力的强弱来比较.下列各组的排列哪个是正确的,结缔组织>神经细胞>肝细胞,软骨>腱>肾小球,骨>平滑肌>神经细胞,鳞状上皮细胞>横纹肌>周围神经纤,肾小管上皮细胞>骨髓细胞>脂肪细,D
第1-2章 细胞的损伤、适应与修复,48,细胞萎缩在电镜下最显著的特点是：,肌丝增多,线粒体增多,滑面内质网增多,粗面内质网增多,自噬泡增多,B
第1-2章 细胞的损伤、适应与修复,49,肝细胞一般不发生,脂肪变,细胞水肿,玻璃样变,黏液样变性,糖原蓄积,D
第1-2章 细胞的损伤、适应与修复,50,关于脂肪变，下列哪一种说法不正确,长期摄入脂肪过多可致心肌细胞脂肪,严重贫血可致心肌细胞脂肪变,慢性肝淤血可致肝细胞脂肪变,酒精中毒可致肝细胞脂肪变,严重贫血可致肾小管上皮细胞脂肪变,B
第1-2章 细胞的损伤、适应与修复,51,组织损伤后由结缔组织增生来修补的过程称：,再生,增生,化生,机化,不完全再生,B
第1-2章 细胞的损伤、适应与修复,52,严重的细胞水肿可导致下列哪种改变,纤维素样坏死,凝固性坏死,溶解性坏死,凋亡,干酪样坏死,B
第1-2章 细胞的损伤、适应与修复,53,细胞水肿，电镜下的形态改变主要特点是,线粒体峭增多,线粒体及内质网肿胀,高尔基器多,微绒毛增多,溶酶体增大，增多,D
第1-2章 细胞的损伤、适应与修复,54,最易遭受化学毒性代谢产物损伤的器官是,心,肝,脾,肺,肾,A
第1-2章 细胞的损伤、适应与修复,55,下列哪一种细胞器对缺氧最敏感,线粒体,溶酶体,光面内质网,高尔基器,粗面内质网,C
第1-2章 细胞的损伤、适应与修复,56,下列组织对缺氧的耐受性依次为,脑>肝>肾,肾>肝>脑,肝>脑>肾,肝>肾>脑,肾>脑>肝,B
第1-2章 细胞的损伤、适应与修复,57,病毒性肝炎时，肝细胞最易发生,脂肪变,玻璃样变,细胞水肿及气球样变,淀粉样变性,黏液样变性,B
第1-2章 细胞的损伤、适应与修复,58,发生液化性坏死基本条件应包括,含有较多的可凝固蛋白,组织淤血较严重,组织比较松软,产生蛋白酶较多,有腐败菌感染,B
第1-2章 细胞的损伤、适应与修复,59,细胞坏死过程中，胞核变小，染色质浓集，称为,多倍体,核分裂象,核固缩,核碎裂,核溶解,B
第1-2章 细胞的损伤、适应与修复,60,可以发生坏疽的器官是,肝,肾,胰,阑尾,脾,B
第1-2章 细胞的损伤、适应与修复,61,下列病变中不能根据肉眼所见确定坏死性质的是,凝固性坏死,纤维素样坏死,脂肪坏死,坏疽,液化性坏死,C
第1-2章 细胞的损伤、适应与修复,62,凝固性坏死的特殊类型有,坏疽与纤维蛋白样坏死,坏疽与脂肪坏死,干酪样坏死与坏疽,纤维蛋白样坏死与干酪样坏死,脂肪坏死与干酪样坏死,C
第1-2章 细胞的损伤、适应与修复,63,液化性坏死好发生于下列哪种器官,脑,心,肝,脾,肺,C
第1-2章 细胞的损伤、适应与修复,64,脊髓的坏死属于,凝固性坏死,干酪样坏死,液化性坏死,纤维素样坏死,脂肪坏死,B
第1-2章 细胞的损伤、适应与修复,65,常发生机化的病灶，下列哪项除外,风湿性小体,心肌梗死,脑梗,肠上皮细胞化生,干酪样坏死,D
第1-2章 细胞的损伤、适应与修复,66,纤维素样坏死物质不见于下列哪种病变,风湿病,良性高血压,系统性红斑狼疮,类风湿性关节炎,恶性高血压,C
第1-2章 细胞的损伤、适应与修复,67,急进型高血压时，细动脉壁内有细丝、颗粒状或凝集成片块状的嗜酸物质，其改变可能是,玻璃样变,淀粉样变,黏液样变性,纤维素样坏死,干酪样坏死,B
第1-2章 细胞的损伤、适应与修复,68,关于凋亡叙述，下列哪项是错误的,凋亡的发生与基因调节有关,活体内单个细胞或小团细胞的死亡,又称程序性细胞死亡,细胞质膜破裂，核也碎裂,不引起急性炎症反应,A
第1-2章 细胞的损伤、适应与修复,69,细胞缺氧. 细胞膜受损.细胞内出现：,钠多，钾多，水多,钠少，钾多，水少,钠多，钾少，水多,钠多，钾少，水少,钠少，钾多，水多,A
第1-2章 细胞的损伤、适应与修复,70,电镜下细胞凋亡的特征性改变是,细胞皱缩,胞浆致密,染色质边集,核碎裂,凋亡小体形成,A
第1-2章 细胞的损伤、适应与修复,71,酶解性脂肪坏死时，若有大量脂肪酸的形成，常继发,空洞形成,窦道形成,钙皂形成,瘘管形成,溃疡形成,A
第1-2章 细胞的损伤、适应与修复,72,凝固性坏死总体形态特点是,呈灰黑色,组织干酪样,界限不清,易并发感染,原有组织结构、轮廓保存,D
第1-2章 细胞的损伤、适应与修复,73,肾结核时，坏死组织经自然管道排出后可形成,糜烂,窦道,瘘管,空洞,溃疡,D
第1-2章 细胞的损伤、适应与修复,74,下列哪一种变化属于坏死的病理改变,细胞体积肿大，胞浆内有红染颗粒,细胞体积缩小，胞浆内有脂褐素颗粒,细胞核膜破裂，染色质崩解为小碎片,细胞核增大，细胞核的 DNA 含量增,细胞体积正常或稍大，出现双核,B
第1-2章 细胞的损伤、适应与修复,75,细胞坏死的改变是自溶性改变，其发生与下列哪种细胞器有关,线粒体,溶酶体,粗面内质网,高尔基器,光面内质网,A
第1-2章 细胞的损伤、适应与修复,76,血液中淀粉酶大幅度升高，可考虑为,肝细胞坏死,脑液化性坏死,胰腺坏死,心肌梗死,肾梗死,C
第1-2章 细胞的损伤、适应与修复,77,区别死后组织自溶与坏死，最可靠的根据是,组织轮廓是否存在,细胞内琥珀酸脱氢酶丧失程度,电镜下细胞器破坏情况,细胞核溶解消失情况,病变周围有无炎症反应,B
第1-2章 细胞的损伤、适应与修复,78,凝固性坏死的组织学特点是,红染无结构物质,可见核碎片,尚保留细胞、组织轮廓残影,间质胶原纤维崩裂,基质解聚,B
第1-2章 细胞的损伤、适应与修复,79,干酪样坏死好发于下列哪种疾病,风湿病,伤寒,结核,麻风,梅毒,D
第1-2章 细胞的损伤、适应与修复,80,干酪样坏死应属于,纤维素样坏死,彻底的凝固性坏死,坏疽,液化性坏死,脂肪坏死,C
第1-2章 细胞的损伤、适应与修复,81,下列哪项是发生干性坏疽的条件,发生于肺或子宫等内脏,有明显的腐败菌感染,全身中毒症状严重,病变部分较干燥，腐败菌感染较轻,病灶内坏死组织分界，产生大量气体,D
第1-2章 细胞的损伤、适应与修复,82,关于湿性坏疽的描述，下列哪项是不正确的,常继发于肠、子宫及肺等内脏器官的,坏死组织与周围组织边界不清,常有恶臭味,若发于肢体末端只有动脉的阻塞,全身中毒症状明显,B
第1-2章 细胞的损伤、适应与修复,83,不属于凝固性坏死的病变是,脑梗,心肌梗死,肾梗死,干酪样坏死,脾贫血性梗死,A
第1-2章 细胞的损伤、适应与修复,84,气性坏疽是湿性坏疽的一种特殊形式，主要是合并了()的感染。,结核杆菌,产气荚膜杆菌,金黄色葡萄球菌,链球菌,白色念珠菌,D
第1-2章 细胞的损伤、适应与修复,85,全身营养不良时，首先发生萎缩的组织或器官是：,骨骼肌,脂肪组织,肝,脑,心肌,B
第1-2章 细胞的损伤、适应与修复,86,下列哪项不是痂下愈合的特点,伤口表面有黑褐色硬痂形成,愈合时间一般较无痂情况下为长,干燥的痂皮一般是造成细菌感染的条,一般当上皮再生完成后痂皮才脱落,干燥的痂皮一般不利于细菌感染,C
第1-2章 细胞的损伤、适应与修复,87,决定创伤愈合后局部组织抗牵拉的因素是,创伤愈合的时间,创面大小和深度,是否伴有感染,愈合过程中肉芽组织的量,愈合部位胶原的含量,E
第1-2章 细胞的损伤、适应与修复,88,影响创伤愈合的局部因素中下列哪项除外,感染与异物,局部血液循环循环,神经支配,电离辐射,营养状况,A
第1-2章 细胞的损伤、适应与修复,89,完成瘢痕修复的物质基础是,上皮组织,肉芽组织,毛细血管网,纤维蛋白网架,炎性渗出物,D
第1-2章 细胞的损伤、适应与修复,90,细胞在生长过程中，如果互相接触，则生长停止，这种现象叫,再生性增生,生长的接触抑制,修复,完全再生,二期愈合,C
第1-2章 细胞的损伤、适应与修复,91,疤痕疙瘩的形成可能与下列何种细胞有关,巨噬细胞,成纤维细胞,中性粒细胞,淋巴细胞,肥大细胞,A
第1-2章 细胞的损伤、适应与修复,92,瘢痕修复过程最重要的细胞成分是,上皮细胞,渗出的白细胞,单核巨噬细胞,血管内皮细胞,成纤维细胞,D
第1-2章 细胞的损伤、适应与修复,93,大块疤痕可引起：,关节运动障碍,器官表面凹陷,器官变形,腔室狭窄,以上均可,D
第1-2章 细胞的损伤、适应与修复,94,一期愈合应具备的条件是,组织缺损少、创缘整齐、无感染,组织缺损少、创缘不整齐、有感染,组织缺损少、创缘不整齐、有感染,创缘整齐、无感染、组织缺损大,创缘整齐、组织缺损大、有感染,C
第1-2章 细胞的损伤、适应与修复,95,下列哪项条件易产生二期愈合,组织缺损大、创缘整齐、创面对合紧,组织缺损少、创缘整齐、创面对合紧,组织缺损大、无感染、创缘整齐,创缘整齐、创面对合紧密、有感染,创缘不整齐、创面对合不紧密、有感,E
第1-2章 细胞的损伤、适应与修复,96,虎斑心见于：,白喉,中毒,严重贫血,肥胖,高脂血症,B
第1-2章 细胞的损伤、适应与修复,97,关于创伤性神经瘤的形成下列哪项是正确的,神经纤维细胞增生,神经纤维断裂变性,神经鞘细胞增生形成带状的合体细胞,再生轴突与增生的结缔组织混杂在一,神经鞘细胞与增生的结缔组织混杂在,E
第1-2章 细胞的损伤、适应与修复,98,关于疤痕组织特点的叙述，下列哪项是不正确的,由大量胶原纤维束组成,纤维束常发生玻璃样变,组织内血管稀少,纤维细胞稀少,纤维细胞增多并伴玻璃样变,D
第1-2章 细胞的损伤、适应与修复,99,哪项描述符合瘢痕组织的特点,细胞间有丰富的液体成分,组织内有大量的毛细血管,组织色泽鲜红、质地柔软,组织质地较硬、缺乏弹性,组织内有较多的炎性细胞,C
第1-2章 细胞的损伤、适应与修复,100,下列肾小管变性中．哪种损害最早,气球样变,水变性,脂变,细胞内钙盐沉着,细胞内玻变,C
第1-2章 细胞的损伤、适应与修复,101,下列各项中哪个是错误的,机化乃是用肉芽组织来取代坏死组织,单核细胞的溶酶体如果功能发生异常,包裹从本质上说也是一种机化过程,机体对外界侵入体内的异物.总是以,机化对机体是有利的. 但有时也可带,D
第1-2章 细胞的损伤、适应与修复,102,肉芽组织内能分泌多种生长因子的细胞是,浆细胞,淋巴细胞,纤维细胞,巨噬细胞,中性粒细胞,A
第1-2章 细胞的损伤、适应与修复,103,创伤愈合过程中2~3日后伤口收缩的主要原因是,纤维细胞的作用,水分的吸收,胶原纤维的作用,肌成纤维细胞的作用,胶原纤维玻璃样变,E
第1-2章 细胞的损伤、适应与修复,104,疤痕修复可见于下列哪种病变,急性细菌性痢疾,胃黏膜糜烂,肝细胞点状坏,子宫颈糜烂,十二指肠溃疡,B
第1-2章 细胞的损伤、适应与修复,105,支气管粘膜上皮出现鳞状上皮化生．常属于下列哪一种改变,分化不良,不典型增生,不完全再生,癌前期改变,适应性改变,A
第1-2章 细胞的损伤、适应与修复,106,下列哪项的内容不正确,心肌再生力极弱，一般都是瘢痕修复,毛细血管多以生芽方式再生,神经细胞破坏后也能再生,肝细胞有较强的再生能力,皮肤附属器如完全破坏，则出现瘢痕,A
第1-2章 细胞的损伤、适应与修复,107,下列哪种因素对再生修复不利,局部感染已被控制,患者无血管硬化性疾病,局部有较明显的瘢痕组织,创口缝合良好,充足维生素 C 的供给,B
第1-2章 细胞的损伤、适应与修复,108,瘢痕疙瘩的形成可能是,全身营养不良,年龄较大,身体体质有关,局部感染较重,缺乏维生素 C,E
第1-2章 细胞的损伤、适应与修复,109,下列哪种病变中没有肉芽组织的存在,血肿,血栓,静脉,胃溃疡,肾脓肿,D
第1-2章 细胞的损伤、适应与修复,110,下列哪种因素对再生修复不利,充足的维生素 C 供给,营养中不缺乏蛋白质,局部血液循环正常,局部有异物存在,患者是年轻人,E
第1-2章 细胞的损伤、适应与修复,111,皮肤损伤后由结缔组织取代的过程,化生,完全性再生,瘢痕修复,异型增生,异常增生,C
第1-2章 细胞的损伤、适应与修复,112,下列哪项属病理性再生,血细胞的更新,消化道黏膜上皮的更新,子宫内膜的周期性再生,皮肤损伤后由周围的被覆上皮增生修,以上均不是,D
第1-2章 细胞的损伤、适应与修复,113,疤痕组织逐渐缩小、软化的主要原因是,毛细血管逐渐减少,肌成纤维细胞的作用,水分被吸收,胶原酶的作用,机体抵抗力增强,A
第1-2章 细胞的损伤、适应与修复,114,下列哪种细胞是稳定细胞,皮肤表皮细胞,移行上皮细胞,造血细胞,平滑肌细胞,胃、肠道黏膜上皮细胞,C
第1-2章 细胞的损伤、适应与修复,115,再生能力最强的细胞是,胃、肠道黏膜上皮细胞,软骨细胞,心肌细胞,唾液腺,神经细胞,E
第1-2章 细胞的损伤、适应与修复,116,再生能力最弱的细胞是,肝细胞,原始的间叶细胞,骨细胞,内分泌细胞,心肌细胞,A
第1-2章 细胞的损伤、适应与修复,117,关于永久性细胞的描述，正确的是,易受损的细胞,损伤后不能再生，成为永久性缺损的,损伤后能完全再生的细胞,不断衰亡、更新的细胞,修复后细胞无化生,B
第1-2章 细胞的损伤、适应与修复,118,不稳定细胞是指,损伤后不容易完全再生的细胞,损伤后可以完全再生的细胞,损伤后不能再生的细胞,不容易受损伤的细胞,修复后细胞有化生,D
第1-2章 细胞的损伤、适应与修复,119,下列哪项是形成痂皮的主要成分,上皮细胞,纤维结缔组织,坏死组织,死骨,变性的细胞,D
第1-2章 细胞的损伤、适应与修复,120,一般不会出现肉芽组织的病变是,结核空洞,脓肿壁,化生病灶,动脉粥样硬化,陈旧性心肌梗死,E
第1-2章 细胞的损伤、适应与修复,121,肉芽组织中抗感染的主要成分是,毛细血管,成纤维细胞,炎症细胞,细胞外基质,成肌纤维细胞,B
第1-2章 细胞的损伤、适应与修复,122,肉芽组织中一般没有,单核巨噬细胞,中性粒细胞,神经纤维,胶原纤维,外源性异物,E
第1-2章 细胞的损伤、适应与修复,123,关于肉芽组织的结局，下列哪项叙述是正确的,最终填补缺损,最终纤维化形成瘢痕,抗感染的过程,产生细胞外基质的过程,分泌大量生长因子，调控细胞增生的,D
第1-2章 细胞的损伤、适应与修复,124,毛细血管再生的最初改变是,内皮细胞游走,内皮细胞分裂增生形成幼芽,内皮细胞穿出血管壁,内皮细胞分泌IV型胶原,内皮细胞分裂增生出现毛细血管腔,C
第1-2章 细胞的损伤、适应与修复,125,随着肉芽组织演变为瘢痕组织，可见到,毛细血管的数量逐渐增多,胶原纤维的数量逐渐增多,成纤维细胞的数量逐渐增多,炎性细胞的数量逐渐增多,组织内水分的含量逐渐增多,A
第1-2章 细胞的损伤、适应与修复,126,在肉芽组织内具有收缩功能，又能产生基质和胶原的细胞是,成纤维细胞,巨噬细胞,血管内皮细胞,成纤维细胞,中性粒细胞,E
第1-2章 细胞的损伤、适应与修复,127,肉芽组织可以,为细菌感染提供条件,造成局部皱缩、引起器官变形,保护创面、填补伤,恢复原有组织的功能,无任何有利于机体的作用,C
第1-2章 细胞的损伤、适应与修复,128,下列各种组织哪一种再生能力最强,骨骼肌,神经节细胞,心肌,神经胶质细胞,软骨,C
第1-2章 细胞的损伤、适应与修复,129,以下哪一项原因不引起萎缩,肾盂积水,慢性肝淤血,垂体功能低下,四氯化碳中毒,脊髓前角神经细胞坏死,C
第1-2章 细胞的损伤、适应与修复,130,肉芽组织的基本成分是,毛细血管和炎性细胞,成纤维细胞和炎性细胞,淋巴细胞和纤维细胞,成纤维细胞和毛细血管,肌成纤维细胞和毛细淋巴管,E
第1-2章 细胞的损伤、适应与修复,131,骨折愈合的最终阶段应是,骨性骨痂形成,骨改建,纤维性骨痂连接,骨样组织中有钙盐沉着,完成了软骨化骨过程,D
第1-2章 细胞的损伤、适应与修复,132,A13.D1.E7.C8.B14.D2.D9.B15.E3.E10.C16.C4.E11.B,大量炎细胞灶性聚集,新生的毛细血管灶性聚集,表面的毛细血管网呈祥状弯曲,感染、炎性水肿引起,成纤维细胞灶性聚集,A
第1-2章 细胞的损伤、适应与修复,133,D5.E12.A,大量炎细胞灶性聚集,新生的毛细血管灶性聚集,表面的毛细血管网呈祥状弯曲,感染、炎性水肿引起,成纤维细胞灶性聚集,C
第3章 局部血液循环障碍,1,慢性肺淤血的镜下改变，下列哪一项应该除外,肺泡腔内有心衰细胞,肺泡壁增宽,肺泡壁毛细血管扩张充血,切面为棕红色,肺内支气管扩张,E
第3章 局部血液循环障碍,2,透明血栓最常见于(,小动脉,小静脉,毛细血管,中静脉,中动脉,D
第3章 局部血液循环障碍,3,致使肺梗死的血栓栓子一般来自),静脉系统或右心的血栓,二尖瓣疣状血栓的脱落,门静脉的血栓脱落,左心房附壁血栓,动脉及左心房的血栓脱落,C
第3章 局部血液循环障碍,4,脂肪栓塞,顺压力运行,顺血流运行,气体栓塞,肿瘤细胞栓塞,血栓栓塞,D
第3章 局部血液循环障碍,5,栓子运行一般(）,顺压力运行,顺血流运行,逆压力运行,,,E
第3章 局部血液循环障碍,6,逆血流运行,动脉系统栓塞,脂肪分解产物引起中毒,肾小动脉栓塞,脑小动脉栓塞,交叉运行,A
第3章 局部血液循环障碍,7,脂肪栓塞患者的一般死亡原因是),动脉系统栓塞,脂肪分解产物引起中毒,肾小动脉栓塞,脑小动脉栓塞,肺水肿和心功能不全,A
第3章 局部血液循环障碍,8,潜水员过快地从海底升到水面容易发生(),肺不张,氮气气体栓塞,肺气肿,血栓栓塞,空气栓塞,B
第3章 局部血液循环障碍,9,最常见的栓子是(),脱落的肿瘤细胞团,空气,血栓,羊水,寄生虫,E
第3章 局部血液循环障碍,10,槟榔肝是由引起的：,肝脂变,肝水变性,门脉性肝硬化,慢性肝淤血,坏死后性肝硬化,C
第3章 局部血液循环障碍,11,诊断羊水栓塞的证据主要是在下何处发现羊水成分(),脑动脉,子宫腔内,肺泡腔内,细支气管内,肺小动脉和毛细血管,C
第3章 局部血液循环障碍,12,妇女分娩时死亡，尸体解剖发现肺小动脉内有角化上皮细胞、毛发等物质，其死亡原因可能是(),脂肪栓塞,气体栓塞,肿瘤细胞栓塞,羊水栓塞,血栓栓塞,D
第3章 局部血液循环障碍,13,在循环血液中出现不溶于血液的异常物质，随着血液流动，阻塞血管腔，这种现象称为 A. 血栓形成,血栓再通,梗死,血管阻塞,栓塞,血栓栓塞,B
第3章 局部血液循环障碍,14,血栓中的纤维蛋白被溶解称为(),血栓再通,溶解吸收,血栓机化,血栓钙化,血栓栓塞,A
第3章 局部血液循环障碍,15,血栓对机体的不利影响不包括(),阻塞血管,引起组织和器官的梗死,堵塞血管破口，阻止出血,心瓣膜变形,DIC，并引起广泛出血和休克,C
第3章 局部血液循环障碍,16,肺动脉栓塞患者常见的死亡原因是(),急性右心衰竭,急性左心衰竭,中毒性休克,大片肺出血,急性肾衰,A
第3章 局部血液循环障碍,17,左心的附壁血栓脱落后可引起(),脑动脉栓塞,肺动脉栓塞,体静脉栓塞,肝静脉栓塞,门静脉栓塞,E
第3章 局部血液循环障碍,18,在机化的血栓中形成与原血管腔相沟通的毛细血管，使部分血流得以恢复，这种现象称为(),血栓脱落,侧支循环形成,血栓机化,血栓硬化,再通,E
第3章 局部血液循环障碍,19,下列哪项不是慢性淤血的后果：,实质细胞的增生,出血,含铁血黄素沉积,间质细胞增生,可并发血栓形成,C
第3章 局部血液循环障碍,20,下列哪项属于静脉性充血(),减压后充血,妊娠子宫充血,炎性充血,进食后胃肠道的充血,静脉阻塞引起的充血,E
第3章 局部血液循环障碍,21,骨折后脂肪栓塞的部位通常是(),肺,脑,心,肝,肾,A
第3章 局部血液循环障碍,22,静脉血栓的尾部是(,白色血栓,混合血栓,红色血栓,透明血栓,层状血栓,D
第3章 局部血液循环障碍,23,下列哪些成分不会成为栓子(),肿瘤细胞团,血吸虫虫卵,机化的血栓,血液中的气体,脂肪滴,C
第3章 局部血液循环障碍,24,下述哪项不符合静脉性充血(),局部发绀,小动脉扩张,局部温度降低,局部组织肿胀,间质水肿,C
第3章 局部血液循环障碍,25,机体在处理血栓的过程中，下列哪种结局是不可能的(),分离排出,溶解、吸收,脱落为栓子,机化再通,钙化,B
第3章 局部血液循环障碍,26,白色血栓主要由下列哪些成分构成(),白细胞、纤维素和血小板,血小板和纤维素,红细胞和白细胞,红细胞和纤维素,血小板和红细胞,D
第3章 局部血液循环障碍,27,单纯动脉栓塞不易引起(,肾梗死,脑梗死,肺梗死,脾梗死,心肌梗死,B
第3章 局部血液循环障碍,28,下述哪种患者不易出现血栓形成(),大面积烧伤,直肠癌根治术后,晚期胃癌患者,心房纤颤,血栓栓塞,B
第3章 局部血液循环障碍,29,胸部手术时要注意防止(,脂肪栓塞,肿瘤细胞栓塞,气体栓塞,羊水栓塞,血栓栓塞,E
第3章 局部血液循环障碍,30,左心房内的附壁血栓是(,白色血栓,红色血栓,透明血栓,混合血栓,血凝块,D
第3章 局部血液循环障碍,31,贫血性梗死发生于(,组织疏松的器官,有双重血液供给的器官,严重淤血的器官,组织结构致密的器官,以上都不是,E
第3章 局部血液循环障碍,32,冠状动脉前降支栓塞可引起(),室间隔后 1/3 心肌梗死,左心室前壁心肌梗死,左心室后壁心肌梗死,右心室心肌梗死,左心室侧壁心肌梗死,B
第3章 局部血液循环障碍,33,脾动脉分支完全阻塞可引起脾(),出血性梗死,脓毒性梗死,液化性坏死,贫血性梗死,脾坏疽,A
第3章 局部血液循环障碍,34,脂肪栓塞时栓塞主要影响下列哪一器)官(),脾,心,肝,肺,肾,B
第3章 局部血液循环障碍,35,肠扭转可引起肠(,贫血性梗死,白色梗死,出血性梗死,凝固性坏死,液化性坏死,B
第3章 局部血液循环障碍,36,构成血栓头部的主要成分是)(),血小板,红细胞,中性粒细胞,纤维蛋白,单核细胞,B
第3章 局部血液循环障碍,37,下列哪种器官很少发生梗死(),心,脾,肾,肝,肠,A
第3章 局部血液循环障碍,38,下列对肺出血性梗死的叙述，哪项是错的(),多由支气管动脉阻塞引起,梗死灶呈锥形,多位于肺下叶,由肺动脉分支阻塞引起,多发生在严重肺淤血的基础上,D
第3章 局部血液循环障碍,39,下列哪项不会出现贫血性梗死(),脾梗死,肠梗死,心肌梗塞,肾梗死,脑梗死,C
第3章 局部血液循环障碍,40,下列哪个器官易发生出血性梗死,心,肾,肺,脑,,C
第3章 局部血液循环障碍,41,下述关于梗死的叙述中，哪一项是错误的(),双重血液循环的器官不易发生梗死,全身血液循环状态对梗死的形成无影,动脉痉挛促进梗死的形成,有效的侧支循环的建立可防止梗死的,梗死多由动脉阻塞引起,D
第3章 局部血液循环障碍,42,羊水栓塞是指羊水阻塞(的过程. 胎儿呼吸道,血管受压,胎儿肺静脉,母体肺静脉,母体肺动脉,胎儿肺动脉,E
第3章 局部血液循环障碍,43,下列哪种病变属于梗死(,重Ⅱ度烧伤,足坏疽,刀割伤,病毒性肝炎,脓肿,D
第3章 局部血液循环障碍,44,脾、肾梗死灶肉眼检查的主要特点为(),多呈楔形、灰白色、界限清楚,多呈不规则形、暗红色、界限不清,多呈楔形、暗红色、界限不清,多呈地图形、暗红色、界限不清,多呈地图状、灰白色、界限清楚,D
第3章 局部血液循环障碍,45,容易发生出血性梗死的器官是(),心,肾,脑,脾,肠,D
第3章 局部血液循环障碍,46,漏出性出血常见的部位是(),小静脉,小动脉,大动脉,毛细血管,大静脉,A
第3章 局部血液循环障碍,47,左心衰竭主要引起(,慢性脾淤血,慢性肝淤血,胃肠淤血,下肢淤血,静脉阻塞,C
第3章 局部血液循环障碍,48,下述哪项不是静脉性充血的原因(一,致炎因子刺激,心力衰竭,肿瘤压迫,静脉压升高,静脉阻塞,D
第3章 局部血液循环障碍,49,肺淤血时痰液中出现胞质中含有含铁血黄素颗粒的巨噬细胞称为(),心衰细胞,异物巨细胞,肺泡上皮细胞,尘细胞,褐色硬化肺内含有含铁血黄素的巨噬,E
第3章 局部血液循环障碍,50,“心力衰竭细胞”是指(),心力衰竭时病变的心肌细胞,心力衰竭时肺泡腔内的泡沫细胞,心力衰竭时肺内吞噬碳末的巨噬细胞,硅肺致右心衰竭时肺内吞噬硅尘的巨,褐色硬化肺内含有含铁血黄素的巨噬,B
第3章 局部血液循环障碍,51,下列哪项不属于病理性充血(),炎性充血,饭后胃肠道黏膜的充血,侧支循环性充,减压后充血,二尖瓣狭窄时的肺充血,C
第3章 局部血液循环障碍,52,右心衰竭可使以下器官淤血的是(),肺、肝及胃肠道,肝、脾及胃肠道,肺、脑及胃肠道,肾、肺及胃肠道,脾、肺及胃肠道,D
第3章 局部血液循环障碍,53,右心衰竭时引起淤血的器官主要是：,肺、肝及胃肠道,肝、脾及胃肠道,脑、肺及胃肠道,肺内支气管扩张,脾、肺及胃肠道,D
第3章 局部血液循环障碍,54,慢性肺淤血的特点不包括(),切面流出淡红色泡沫状液体,肺泡腔内有心衰细胞,肺泡壁毛细血管扩张充,肺内支气管扩张,肺泡间隔增宽,B
第3章 局部血液循环障碍,55,血液从心腔或血管内流出体外称为(),内出血,血肿,积血,漏出性出血,外出血,C
第3章 局部血液循环障碍,56,弥漫性血管内凝血发生广泛出血的主要原因是(),肝凝血酶原合成减少,血管壁广泛损伤,大量血小板及纤维蛋白消耗,单核吞噬细胞系统功能下降,血浆中缓激肽浓度增高,B
第3章 局部血液循环障碍,57,下列哪项不属于病理性充血(),炎性充血,减压后性充血,致炎因子引起的充血,侧支循环性充血,器官组织活动增强时引起的充血,E
第3章 局部血液循环障碍,58,肺栓塞的后果包括以下几点，但除外,急死,肺梗死,间质性肺炎,肺动脉高压,右心房扩大,B
第3章 局部血液循环障碍,59,右上肢静脉血栓脱落主要栓塞于,肺动脉,脑动脉,肝动脉,心冠状动脉,以上均不是,B
第3章 局部血液循环障碍,60,槟榔肝可发展为(,坏死后性肝硬化,门脉性肝硬化,淤血性肝硬化,胆汁性肝硬化,寄生虫性肝硬化,E
第3章 局部血液循环障碍,61,微循环血管壁通透性增高引起的出血是(),破裂性出血,体腔积血,外出血,漏出性出血,渗出性出血,E
第3章 局部血液循环障碍,62,栓子是：,循环血液内脱落的血栓,循环血液内脱落的菌落,循环血液内不溶于血液的异物,循环血液内脂肪和空气,以上都不是,A
第3章 局部血液循环障碍,63,右下肢静脉血栓脱落主要栓塞于：,肺动脉,下腔静脉,右心房,右心室,右下肢大静脉,D
第3章 局部血液循环障碍,64,下述关于肺淤血的描述. 哪一项是错误的,肺泡壁毛细血管扩张,肺泡内中性白细胞和纤维素渗出,肺泡腔内有水肿液,可发生漏出性出血,常可见心衰细胞,D
第3章 局部血液循环障碍,65,肺动脉栓塞不会引起(,猝死,间质性肺炎,肺梗死,肺动脉高压,右心室扩张,A
第3章 局部血液循环障碍,66,心脏赘生物最常见于(,心外膜,心瓣膜,心内膜,心肌,冠状动脉口,B
第3章 局部血液循环障碍,67,皮肤、黏膜和浆膜少而广泛的出血灶称为())A. 积血,体腔积血,淤血,血肿,凝血块,瘀点,E
第3章 局部血液循环障碍,68,血液从心腔或血管内逸出，并积聚于体腔内称为(),体腔积血,出血,血肿,外出血,漏出性出血,C
第3章 局部血液循环障碍,69,血液流入组织内并局限化时，形成(),积血,外出血,内出血,血肿,淤斑,C
第3章 局部血液循环障碍,70,淤血是（),血液淤积于皮下组织内,毛细血管和小静脉内血含量增加,血管扩张所致,血管腔内充满血液,血管内含血量增多,C
第3章 局部血液循环障碍,71,肺淤血主要由下列哪种病变引起(）,肺动脉栓塞,急性风湿性心内膜炎,空气栓塞,左心衰竭,肺源性心脏病,E
第3章 局部血液循环障碍,72,关于淤血组织器官的病变，哪项描述是错误的(),常伴有水肿,呈暗红色,温度增加,可引起出血,可发生萎缩,B
第3章 局部血液循环障碍,73,血栓形成是指(),在活体的心脏和血管内血液成分形成,血液发生凝固形成固体质块的过程,在活体组织内血液发生凝固形成固体,血液在静止状态中发生的异常凝固,活体组织内红细胞发生凝固形成固体,D
第3章 局部血液循环障碍,74,关于出血性梗死的病理学特征，以下哪项说法不正确(),梗死灶呈锲形,梗死区淤血、出血明显,充血、出血带不明显,组织结构常不清,常合并细菌感染,A
第3章 局部血液循环障碍,75,下列哪种出血不属于破裂性出血(),慢性空洞性肺结核大咯血,肝硬化食管静脉曲张大呕血,十二指肠溃疡柏油样便,胃癌呕血,肺淤血性出血,C
第3章 局部血液循环障碍,76,急性风湿性心内膜炎。心瓣膜上的赘生物为(),透明血栓,红色血栓,白色血栓,混合血栓,微血栓,C
第3章 局部血液循环障碍,77,左心室附壁血栓可引起(,心力衰竭,肺淤血,脑动脉栓塞,肺动脉栓塞,心壁穿孔,B
第3章 局部血液循环障碍,78,股静脉血栓形成时. 下述哪种结局不易发生,阻塞血流,机化,脱落,钙化,血流完全恢复正常,D
第3章 局部血液循环障碍,79,肱静脉血栓形成可引起(,肺动脉栓塞,尺动脉栓塞,桡动脉栓塞,脑动脉栓塞,肾动脉栓塞,B
第3章 局部血液循环障碍,80,有关慢性肝淤血的叙述中，下列哪一项不妥,中央静脉扩张,肝窦扩张,肝细胞有萎缩,门静脉扩张,部分肝细胞脂变,A
第3章 局部血液循环障碍,81,层状血栓是(),红色血栓,白色血栓,混合血栓,透明血栓,延续性血栓,B
第3章 局部血液循环障碍,82,下列出血病变中不属于内出血的是(),血肿,淤点,淤斑,鼻衄,腹腔积血,E
第3章 局部血液循环障碍,83,红色血栓的特点不包括(,暗红色,经一定时间后变干燥,主要见于静脉内,主要见于心瓣膜,经一定时间后失去弹性,A
第3章 局部血液循环障碍,84,肺动脉栓塞患者，死亡的常见原因是)(),大片肺出血,中毒性休克,肾功能衰竭,急性右心衰,急性左心衰,B
第3章 局部血液循环障碍,85,血液凝固性增加见于(,动脉中膜钙化,血脂增高时,梅毒性主动脉炎,原发性高血压,二尖瓣狭窄,E
第3章 局部血液循环障碍,86,白色血栓在什么情况下形成）(）,血流不变时,血流减慢时,血流停滞时,血流较快时,组织出血时,A
第3章 局部血液循环障碍,87,静脉石是指(）,静脉血栓,静脉血栓完全机化后钙盐沉积,静脉血栓未完全机化后钙盐沉积,静脉内钙盐沉积,静脉内胆盐沉积,A
第3章 局部血液循环障碍,88,毛细血管内的血栓属于(,白色血栓,红色血栓,混合血栓,透明血栓,闭塞性血栓,D
第3章 局部血液循环障碍,89,含细菌的血栓脱落可引起(),贫血性梗死,脓毒性梗死,出血性梗死,无菌性梗死,广泛性梗死,C
第3章 局部血液循环障碍,90,不会引起肺淤血的心脏病是)(),高血压心脏病,冠心病,风湿性心脏病,肺源性心脏病,梅毒性心脏病,D
第3章 局部血液循环障碍,91,循环血液中的凝血块，随血流运行至相应大小的血管，引起管腔阻塞的过程叫做：,血栓,血栓形成,血栓栓塞,梗塞,中央静脉和肝血窦扩张淤血,D
第3章 局部血液循环障碍,92,慢性肝淤血时，通常不会出现(),肝细胞萎缩,肝细胞脂肪变性,肝纤维支架的破坏,纤维组织增生,中央静脉和肝血窦扩张淤血,D
第3章 局部血液循环障碍,93,混合血栓见于(),毛细血管内,静脉血栓的头部,动脉血栓的起始部,心瓣膜上的赘生物,静脉血栓的体部,B
第3章 局部血液循环障碍,94,下述对贫血性梗死的描述中，哪种说法是错的(),形态与脏器的血管分布有关,梗死灶边缘常有充血、出血反应带,梗死灶边界不清,肺泡壁上皮细胞,实质细胞发生凝固性坏死,D
第3章 局部血液循环障碍,95,慢性肺淤血时肺泡腔中见到的主要成分是(),心力衰竭细胞,炎症细胞,纤维蛋白,肺泡壁上皮细胞,水肿液,C
第3章 局部血液循环障碍,96,下述关于肺淤血的记述中，哪一项是错误的(),肺泡壁毛细血管扩张,肺泡内中性粒细胞和纤维素渗出,肺泡腔内有水肿液,可发生漏出性出血,常可见心力衰竭细胞,D
第3章 局部血液循环障碍,97,慢性肺淤血患者痰的特征是(),黏液痰,粉红色泡沫痰,黄脓痰,血性痰,铁锈色痰,B
第3章 局部血液循环障碍,98,血栓转归中不会发生的是(),钙化,溶解,化生,机化,形成栓子,D
第3章 局部血液循环障碍,99,左心房血栓脱落不会引起(),脑梗死,肺梗死,肾梗死,脾梗死,下肢梗死,C
第3章 局部血液循环障碍,100,弥漫性血管内凝血(DIC) 是指(),全身小静脉内有广泛性血栓形成,全身小动脉内有广泛性血栓形成,微循环内有广泛性微血栓的形成,全身小静脉及小动脉内均有广泛性血,心血管内有广泛性血栓形成,C
第3章 局部血液循环障碍,101,E138.E143.E134.C139.B144.D135.A140.C145.D136.D141.E146.B137.B142.D147.C,静脉血栓多于动脉血栓,下肢血栓多于上肢血栓,心腔内多形成附壁血栓,全身小静脉及小动脉内均有广泛性血,心血管内有广泛性血栓形成,E
第3章 局部血液循环障碍,102,有关血栓形成规律的说法中，不正确的是(),静脉血栓多于动脉血栓,下肢血栓多于上肢血栓,心腔内多形成附壁血栓,静脉血栓多为红色血栓,透明血栓多发生于微循环内,C
第3章 局部血液循环障碍,103,槟榔肝的特点不包括(,肝中央静脉扩张,胆小管增生,肝细胞萎缩,肝细胞脂肪变性,肝窦明显扩张充血,E
第3章 局部血液循环障碍,104,手术后好发血栓的部位是(),下肢静脉,肾动脉,颈静脉,冠状动脉,门静脉,B
第3章 局部血液循环障碍,105,白色血栓的主要成分是(,血小板,中性粒细胞,红细胞,单核细胞,纤维蛋白,B
第3章 局部血液循环障碍,106,有关血栓的描述中，错误的是(),心瓣膜上的血栓为赘生物,混合血栓在光镜下可见灰白和灰褐的,透明血栓常发生于毛细血管,球形血栓常发生于左心房,血栓可钙化形成静脉石,C
第3章 局部血液循环障碍,107,下述因素哪种与血栓形成无关,血管内膜损伤,血流缓慢,血小板数量增多,癌细胞崩解产物,纤维蛋白溶酶增加,B
第3章 局部血液循环障碍,108,A153.A158.B149.A154.C159.C150.E155.C160.E151.A156.B161.C152.E157.A162.D,血栓形成,动脉瘤,血小板数量增多,癌细胞崩解产物,纤维蛋白溶酶增加,C
第3章 局部血液循环障碍,109,下列哪种因素与动脉阻塞无关(),血栓形成,动脉瘤,肿瘤压迫,动脉粥样硬化,动脉栓塞,D
第4章 炎症,1,下列哪种不是异物性肉芽肿的原因(),手术缝线,注入的油脂,植物纤维,寄生虫,滑石粉,B
第4章 炎症,2,下列哪一种细胞合成免疫球蛋白(),单核细胞,T淋巴细胞,浆细胞,中性粒细胞,嗜酸性粒细胞,A
第4章 炎症,3,以变质为主的炎症，其实质细胞的主要变化是(),增生和再生,萎缩和变性,变性和坏死,增生和变性,坏死和萎缩,A
第4章 炎症,4,下列哪项病变不是浆液性炎(),胸膜炎积液,早期感冒黏膜炎,肾盂积水,昆虫毒素引起的皮下水肿,皮肤Ⅱ度烧伤水疱,B
第4章 炎症,5,炎症反应中最有防御作用的是(）,组织增生,动脉充血,发热反应,吞噬作用,液体渗出,E
第4章 炎症,6,炎症的基本病变是(,组织细胞的变性坏死,组织的炎性充血和水肿,变质，渗出，增生,红，肿，热，痛，功能障碍,周围血液中白细胞增多和体温升高,B
第4章 炎症,7,溶血性链球菌感染最常引起(),蜂窝织炎,脓肿,纤维素性炎,伪膜性炎,出血性炎,D
第4章 炎症,8,金黄色葡萄球菌感染最常引起(）,蜂窝织炎,脓肿,纤维素性炎,伪膜性炎,出血性炎,C
第4章 炎症,9,伪膜性炎症发生后对患者危害最大的部位在(),心包,胸膜,腹膜,气管,结肠,C
第4章 炎症,10,在葡萄球菌感染的炎症反应中所见到的炎细胞主要是(）,淋巴细胞,单核细胞,嗜酸性粒细胞,肥大细胞,中性粒细胞,C
第4章 炎症,11,下列哪项与漏出液的特点无关(),液体比重低,液体静置后不凝固,液体内无或极少纤维蛋白原,漏出与流体静力学因素有关,Rivalta 反应阳性,D
第4章 炎症,12,在寄生虫感染病变中，下列哪种细胞常见(),嗜酸性粒细胞,淋巴细胞,液体静置后凝固,浆细胞,单核细胞,C
第4章 炎症,13,下列哪项与炎症渗出液无关(),血管通透性增高,液体比重高,液体静置后凝固,液体内含纤维蛋白原,液体内含极少细胞,A
第4章 炎症,14,卡他性炎症指的是(),皮肤的浆液性炎,浆膜的浆液性炎,黏膜的浆液性炎,关节的浆液性炎,脑膜的浆液性炎,B
第4章 炎症,15,化脓性炎症组织内浸润的细胞主要是(),淋巴细胞,浆细胞,巨噬细胞,中性粒细胞,嗜酸性粒细胞,D
第4章 炎症,16,在炎症过程中，最早出现的血管反应：是(),细动脉扩张，充血,细动脉和毛细血管扩张,细动脉，细静脉和毛细血管扩张,毛细血管扩张,细动脉收缩,E
第4章 炎症,17,关于化脓性炎的结局下列哪项是错的(),吸收消散,机化包裹,脓汁引流排出，组织再生而痊愈,转为慢性,化脓菌入血引起菌血症,E
第4章 炎症,18,内皮细胞、纤维母细胞、淋巴细胞常见于(),急性炎症,炎性肉芽组织,伤口愈合处,肉芽肿性炎,化脓性炎症,A
第4章 炎症,19,引起出血性炎的主要原因是(),血管破裂,血管壁损伤较重,组织缺血缺氧,组织内胶体渗透压升高,血浆晶体渗透压升高,E
第4章 炎症,20,引起炎症的因素中最常见的是(C,机械性损伤,物理性损伤,化学性损伤,生物性损伤,遗传性缺陷,C
第4章 炎症,21,在过敏反应炎症中，组胺来源于C),嗜酸性粒细胞,淋巴细胞,浆细胞,肥大细胞,单核细胞,D
第4章 炎症,22,慢性炎症组织内浸润的细胞主要是),淋巴细胞,中性粒细胞,嗜酸性粒细胞,嗜碱性粒细胞,肥大细胞,E
第4章 炎症,23,急性炎症病灶内哪种炎症细胞最多见),浆细胞,淋巴细胞,嗜酸性粒细胞,中性粒细胞,巨噬细胞,E
第4章 炎症,24,只有一个开口的病理性盲管是),糜烂,溃疡,窦道,瘘管,空洞,B
第4章 炎症,25,钩端螺旋体病属下列哪种类型炎症),浆液性炎,化脓性炎,蜂窝织炎,增生性炎,出血性炎,B
第4章 炎症,26,下述哪种疾病属出血性炎C）,病毒性肝炎,肠阿米巴病,流行性脑脊髓膜炎,钩端螺旋体病,丹毒,D
第4章 炎症,27,有关炎症的定义，下列哪项最准确(),是机体对损伤所发生的反应,是活体组织对损伤因子所发生的反应,是活体组织对损伤因子所发生的防御,具有血管系统的活体组织对损伤因子,具有血管系统的活体组织对损伤因子,D
第4章 炎症,28,急性炎症时，炎症局部血流速度的减慢主要是由于(),血管内流体静压下降,血管口径变小，血流阻力增大,微血管通透性升高的结果,组织水肿升高对血管产生压迫,血管阻塞,A
第4章 炎症,29,炎症时，渗出液的产生最主要的原因是(),血管内流体静压升高,血管内胶体渗透压降低,血管通透性升高,组织静水压升高,组织液的胶体渗透压升高,D
第4章 炎症,30,炎性假瘤常发生于(),急性渗出性炎,慢性增生性炎,急性化脓性炎,细胞不典型增生,急性出血性炎,C
第4章 炎症,31,类上皮细胞来源于(）,嗜酸性粒细胞,淋巴细胞,中性粒细胞,浆细胞,巨噬细胞,E
第4章 炎症,32,急性炎症时引起组织肿胀的主要原因是(),组织增生,动脉扩张,静脉阻塞,富含蛋白的液体进入组织间隙,小静脉痉挛,D
第4章 炎症,33,急性炎症时组织变红的主要原因是(),血管内血栓形成,动脉性充血,肉芽组织形成,静脉性充血,血管扩张,E
第4章 炎症,34,急性病毒性肝炎属于(）,渗出性炎,肉芽肿性炎症,变质性炎症,增生性炎症,出血性炎症,C
第4章 炎症,35,在白细胞的渗出过程中，下列哪种细胞最先渗出(),巨噬细胞,淋巴细胞,浆细胞,中性粒细胞,嗜酸性粒细胞,C
第4章 炎症,36,伪膜性炎发展下去可引起(),假膜下肉芽肿形成,伪膜溶解液化形成脓肿,伪膜脱落形成溃疡,表面化脓,伪膜坏死发生穿孔或形成窦道,B
第4章 炎症,37,下列哪项最符合脓肿的含义(),可形成空腔的变质性炎,常见于实质性脏器的化脓性炎症,伴有明显组织坏死溶解的化脓性炎症,有组织坏死，经溶解后形成脓腔的局,愈合后常有瘢痕形成的化脓性炎症,E
第4章 炎症,38,蜂窝织炎的概念应为(),是发生于疏松结缔组织及阑尾的急性,是以中性粒细胞渗出为主的炎症,是发生在疏松结缔组织的一种弥漫性,由链球菌感染所引起的化脓性炎症,没有明显坏死的渗出性炎症,D
第4章 炎症,39,假膜性炎的假膜成分不包括(),大量纤维素,中性粒细胞,病原体,坏死细胞碎屑,大量增生的纤维母细胞,B
第4章 炎症,40,急性炎症过程中，最先发生哪种变化(),白细胞游出,白细胞附壁,吞噬作用,血流淤滞,趋化作用,C
第4章 炎症,41,纤维素性炎症的好发部位应除外(),心包膜,腹膜,皮下,结肠黏膜,支气管黏膜,D
第4章 炎症,42,慢性炎症病灶内浸润的炎细胞主要是(),中性粒细胞和单核细胞,单核细胞和淋巴细胞,浆细胞和嗜碱性粒细胞,淋巴细胞和嗜酸性粒细胞,嗜酸性细胞和嗜碱性粒细胞,C
第4章 炎症,43,急性病毒性肝炎时，最常见的炎症细胞是(),嗜酸性粒细胞,巨噬细胞,单核细胞,淋巴细胞,浆细胞,D
第4章 炎症,44,在慢性炎症灶中下列哪种炎症细胞最常见(),中性粒细胞,嗜酸性粒细胞,淋巴细胞,肥大细胞,嗜碱性粒细胞,C
第4章 炎症,45,脓肿中最常见的致病菌是(),金黄色葡萄球菌,大肠杆菌,溶血性链球菌,白色葡萄球菌,绿脓杆菌,E
第4章 炎症,46,在下列疾病中，除哪项外都是纤维素性炎症(),细菌性痢疾,小叶性肺炎,大叶性肺炎,白喉,尿毒症性心包炎,D
第4章 炎症,47,下列哪项不符合脓肿的病变.(),病灶内有大量中性粒细胞,周围可有肉芽组织增生,中心部分常发生凝固性坏死,有脓液形成,病灶中可见细菌菌落,C
第4章 炎症,48,伪膜性炎症指的是(,浆膜的纤维素性炎症,黏膜的纤维素性炎症,浆膜的浆液性炎症,黏膜的浆液性炎症,皮肤的纤维素性炎症,B
第4章 炎症,49,炎症时，血液中的细胞成分进入组织的现象称为(),白细胞附壁,白细胞粘着,炎性细胞浸润,阳性化学趋向性,化学趋向性,D
第4章 炎症,50,较多嗜酸性粒细胞浸润见于(）,伤寒杆菌感染,变态反应或寄生虫感染,乙脑病毒感染,溶血性链球菌感染,葡萄球菌感染,C
第4章 炎症,51,炎症的渗出主要由于(,血流动力学改变,血管壁通透性增高,小静脉血栓形成,循环血量增加,组织间液比重降低,A
第4章 炎症,52,炎症灶中吸引炎细胞定向集中的现象称为(),白细胞游出,白细胞吞噬,白细胞阿米巴运动,炎性趋化作用,白细胞渗出,B
第4章 炎症,53,炎性假瘤不具有下列哪项特点(),是一种良性肿瘤,由局部组织的炎性增生形成,为一边界清楚的肿瘤样团块,肉眼形态和X线所见与肿瘤相似,常见的好发部位是眼眶和肺,C
第4章 炎症,54,下列哪一项，不是渗出液对机体的有利因素(),带来各种抗体，补体及杀菌物质,稀释毒素或刺激物,纤维素的形成可限制细菌蔓延,纤维素的形成有利于机化,,B
第4章 炎症,55,炎症灶中巨噬细胞的主要作用是(),释放氧自由基,释放血管活性胺,形成浆细胞,吞噬较大的病原体和组织碎片,吞噬抗原抗体复合物,C
第4章 炎症,56,下列细胞中来源与巨噬细胞无关的是(),泡沫细胞,Aschoff 细胞,伤寒细胞,印戒细胞,类上皮细胞,B
第4章 炎症,57,下述炎症改变中，最有防御意义的是(),渗出液的产生,氧自由基释放,浆液性炎,血液停滞,炎症介质形成,B
第4章 炎症,58,痢疾杆菌感染，结肠发生(),蜂窝织炎,表面化脓,浆液性炎,假膜性炎,出血性炎,D
第4章 炎症,59,下列有关炎症的理解，哪项是不正确的(),血管反应是炎症的中心环节,炎症对机体有利，又有潜在危害性,炎症既有局部反应，又有全身反应,凡是炎症都运用抗菌素抗炎,对机体损伤的任何因素均可作为致炎,A
第4章 炎症,60,炎症反应的防御作用，应除外以下哪项(),白细胞渗出有利于清除、消灭致病因,液体的渗出可稀释毒素,吞噬搬运坏死组织，有利于再生和修,细胞溶酶体成分外溢有利于炎症介质,纤维素的渗出有利于炎症的局限,D
第4章 炎症,61,下列哪种细胞不会在炎症灶中增殖),中性粒细胞,淋巴细胞,巨噬细胞,肥大细胞,纤维母细胞,D
第4章 炎症,62,下列哪种变化最能促使血液成分渗出),小动脉短暂痉挛，血流减少,小静脉、毛细血管淤血，血流缓慢,小动脉扩张，血流加快,组织变质崩解,内皮细胞肿胀,D
第4章 炎症,63,炎症反应的最重要的特征是(),血清渗出,血浆渗血,纤维素渗出,白细胞渗出,红细胞渗出,C
第4章 炎症,64,炎性肉芽肿内的细胞成分不包括C),上皮细胞,淋巴细胞,巨噬细胞,多核巨细胞,纤维母细胞,D
第4章 炎症,65,下列各项急性炎症反应，按出现顺序哪一种最先出现(),血管扩张,血流缓慢,白细胞附壁,白细胞游出,血流停滞,D
第4章 炎症,66,炎症时，引起白细胞渗出最重要的因素是(),血管壁通透性升高,白细胞附壁,炎症介质起作用,白细胞的阿米巴运动,血管内压力升高,D
第4章 炎症,67,下列哪项是变质性炎(,流行性脑脊髓膜炎,细菌性痢疾,大叶性肺炎,阿米巴肝脓肿,化脓性胆囊炎,A
第4章 炎症,68,肉芽肿指(),结缔组织增生而形成境界清楚的结节,淋巴、网状组织增生形成的结节状病,多核巨噬细胞形成的结节状病灶,巨噬细胞及其演化细胞呈局部浸润和,黏膜上皮、腺体和结缔组织增生并向,B
第4章 炎症,69,炎症时白细胞定向移动的主要原因是(）,白细胞的阿米巴样运动,轴流消失,化学刺激物,血管壁的通透性增高,血管内压增高,D
第4章 炎症,70,在大多数类型的组织损伤中血管通透性升高的速发反应主要是下列哪种因素影响,补体,细菌毒素,过敏毒素,组胺,坏死分解产物,A
第4章 炎症,71,炎症局部疼痛的主要原因是(),细胞增生压迫神经末梢,局部组织变性坏死,局部充血及血流量增多,组织分解代谢增强,渗出物压迫及炎症介质刺激,A
第4章 炎症,72,炎症时液体渗出的部位是(),细静脉和毛细血管,细动脉和细静脉,毛细血管,细静脉和淋巴管,细动脉和毛细血管,C
第4章 炎症,73,在慢性炎症中，下列哪种细胞最常)见,嗜酸性粒细胞,淋巴细胞,嗜中性粒细胞,肥大细胞,巨噬细胞,D
第4章 炎症,74,急性炎症反应中出血的机制是(),化学介质引起的血管通透性增高,白细胞释放的溶酶体酶,纤维蛋白溶解,血管壁的损伤,凝血因子缺乏,D
第4章 炎症,75,同时累及脑膜、肾、肺、肠及骨的肉芽肿性病变常是(),风湿小体,伤寒小体,麻风小结,矽结节,结核结节,C
第4章 炎症,76,下列哪一项不是渗出性炎(),卡他性炎症,乙型脑炎,白喉,肾盂肾炎,小叶性肺炎,D
第4章 炎症,77,关于炎症的叙述，下列哪项是正确的(),炎症对机体均有利,任何机体都会发生炎症反应,急性炎症也可出现以增生为主的病变,慢性炎症均由急性炎症发展而来,炎症反应不会损伤机体,E
第4章 炎症,78,大量细菌毒素入血，导致实质细胞变性、坏死及全身中毒症状的称(),菌血症,毒血症,败血症,白血病,脓毒血症,E
第4章 炎症,79,下列哪项不具有防御作用(),纤维蛋白渗出,白细胞游出,血浆渗出,炎性增生,红细胞漏出,B
第4章 炎症,80,关于嗜酸性粒细胞下列哪一种是错误的(),来源于骨髓,运动能力弱,无吞噬功能,见寄生虫病及过敏性疾病,见于某些部位的亚急性或者慢性炎症,D
第4章 炎症,81,炎症灶内有较多红细胞说明(),局部血管受损严重,局部血管内静水压较高,局部血管内渗透压较低,局部有较多的内毒素,局部有较多的外毒素,E
第4章 炎症,82,肺炎双球菌感染最常引起肺的(),蜂窝织炎,脓肿,纤维素性炎,伪膜性炎,出血性炎,B
第4章 炎症,83,炎症早期出现炎性充血时，最先累及的血管为(),细动脉,小动脉,细静脉,小静脉,毛细血管,C
第4章 炎症,84,败血症指的是(),细菌大量入血，血中可查到细菌，但,细菌毒素入血，引起中毒症状,细菌产物被吸收入血引起中毒症状,细菌入血繁殖并产生毒素从而引起中,细菌入血，繁殖并产生毒素，并有中,B
第4章 炎症,85,下列哪项肉芽肿中无多核巨细胞(),风湿小体,伤寒小结,血吸虫卵结节,矽结节,树胶肿,E
第4章 炎症,86,下列哪项是变质性炎症？,肾盂肾炎,菌痢,大叶性肺炎,阿米巴肝脓肿,阑尾炎,C
第4章 炎症,87,多核细胞不见于下列哪项疾病(),伤寒,结核,霍奇金病,血吸虫虫卵结节,异物肉芽肿,A
第4章 炎症,88,关于败血症，以下哪项不准确(),血液中有细菌生长繁殖,常有较重的全身症状,在皮肤、黏膜处可发现出血点,血培养是最有价值的诊断,常形成转移性脓肿,C
第4章 炎症,89,炎症反应的中心环节是(,白细胞的渗出,吞噬作用,血管反应,坏死溶解,免疫反应,A
第4章 炎症,90,脓肿最常见的致病菌是(,溶血性链球菌,志贺菌,白色葡萄球菌,金黄色葡萄球菌,草绿色链球菌,E
第4章 炎症,91,白细胞在游出时会引起(,血管扩张,血管内皮细胞损伤,血管基底膜损伤,血管无明显变化,整个血管壁受损,D
第4章 炎症,92,下列哪项不是败血症的表(),细菌入血并产生毒素,高热寒战,一些内脏器官的多发性小脓肿,皮肤、黏膜点状出血,脾肿大,D
第4章 炎症,93,下列哪项不是炎性息肉的特点(),突出于黏膜表面,仅由实质细胞增生形成,属于慢性炎症,常有蒂与黏膜相连,常发生于鼻黏膜和子宫颈,A
第4章 炎症,94,炎症灶内红细胞是(),主动渗出,主动漏出,被动渗出,被动漏出,有时是主动渗出，有时是被动漏出,E
第4章 炎症,95,炎症灶内下述哪种成分不是由血液中渗出来的(),浆液,淋巴细胞,浆细胞,单核细胞,纤维蛋白原,C
第4章 炎症,96,速发性短暂反应时血管壁通透性增高)的机制是(),细静脉内皮细胞收缩,细动脉内皮损伤,基膜降解,内皮细胞胞饮作用增强,以上都不是,D
第4章 炎症,97,肝阿米巴脓肿,门静脉高压,,脊柱旁冷脓肿,,淋病尿道炎,D
第4章 炎症,98,乙型脑炎,血流加快,,流行性脑膜炎,肾盂肾炎,脓肿,C
第4章 炎症,99,血流变慢甚至停滞,风湿病,伤寒,白细胞边集,白细胞附壁，粘着,血管通透性升高,B
第4章 炎症,100,下列哪项不属肉芽肿性炎),风湿病,伤寒,矽肺,乙脑,麻风,D
第4章 炎症,101,D250.C251.C,白细胞自血管内进入炎区组织,伤寒,矽肺,乙脑,麻风,C
第4章 炎症,102,炎性浸润是指(),白细胞自血管内进入炎区组织,血浆蛋白自血管进入炎区组织,液体成分自血管内进入炎区组织,生物病原体进入炎区组织,炎症向周围组织扩展,A
第4章 炎症,103,炎症介质的主要作用是使(),局部组织合成代谢增强,组织分解代谢增强,血管壁通透性增加,细胞酶系统障碍,组织损伤,B
第4章 炎症,104,下列可释放血小板激活因子的细胞应除外(）,内皮细胞,淋巴细胞,嗜碱性粒细胞,单核细胞,中性粒细胞,E
第4章 炎症,105,下列哪种激素具有抑制炎症的作用(),甲状腺素,生长激素,垂体促甲状腺激素,促肾上腺皮质激素,肾上腺糖皮质激素,E
第5章 肿瘤,1,乳头状瘤的乳头中心(轴索)的成分是(),癌细胞,脉管,纤维结缔组织,癌细胞和纤维结缔组织,纤维结缔组织和脉管,B
第5章 肿瘤,2,纤维腺瘤最常见于(）,消化道,皮下组织,乳腺,卵巢,胃肠道,C
第5章 肿瘤,3,下列哪种肿瘤是上皮组织发生的良性肿瘤(),皮样囊肿,乳头状瘤,血管瘤,胶质母细胞瘤,脂肪瘤,B
第5章 肿瘤,4,与肝细胞性肝癌发生关系最密切的致癌物是(),黄曲霉菌,乙奈胺,环磷酰胺,联苯胺,"3, 4-苯并芘",D
第5章 肿瘤,5,交界性肿瘤是指(),介于良性和恶性肿瘤之间的肿瘤,癌前病变,同时具有癌和肉瘤结构的肿瘤,发生于表皮与真皮交界处的肿瘤,以上都不是,D
第5章 肿瘤,6,骨肉瘤通过血道可在下列哪一器官形成转移瘤(),脑,肝,肺,脾,肾,A
第5章 肿瘤,7,表达 AFP 最强的癌是(,卵巢癌,肝癌,结肠癌,子宫内膜癌,胃癌,C
第5章 肿瘤,8,皮样囊肿是指(),皮肤囊性肿块,卵巢良性畸胎瘤,皮肤恶性畸胎瘤,皮肤皮脂腺囊肿,卵巢囊腺瘤,B
第5章 肿瘤,9,下列哪项属于癌前疾病(,阑尾炎,乳腺纤维腺瘤,纤维囊性乳腺病,慢性肥厚性胃炎,韧带样瘤,E
第5章 肿瘤,10,骨肉瘤的好发部位是(,头面骨,脊椎骨,扁骨,长骨,指(趾)骨,E
第5章 肿瘤,11,肺转移性肾癌是指(,肺癌转移到肾,肺癌和肾癌相互转移,肾癌转移到肺,肺、肾癌转移到它处,它处转移到肺肾的癌,C
第5章 肿瘤,12,膀胱最常见的恶性肿瘤为(),腺癌,鳞状细胞癌,移行细胞癌,纤维肉瘤,平滑肌肉瘤,B
第5章 肿瘤,13,肝癌一般不转移至(,淋巴结,脾,腹膜,肺,脑,A
第5章 肿瘤,14,来源于三个胚层组织的肿瘤称：,癌肉瘤,混合瘤,实体癌,错构瘤,胚胎瘤,A
第5章 肿瘤,15,下列哪项不属于腺癌的类型(),硬癌,单纯癌,实体癌,基底细胞癌,髓样癌,C
第5章 肿瘤,16,良性肿瘤对机体的影响主要取决于肿瘤的())A. 生长方式,间质稀少,生长部位,生长速度,有无复发,有无转移,B
第5章 肿瘤,17,病理诊断肉瘤的主要依据是)(),间质稀少,血液供应丰富,有肺转移,瘤细胞呈弥散分布,浸润性生长,B
第5章 肿瘤,18,肿瘤血道转移的确切证据是(),恶性肿瘤细胞侵入静脉,恶性肿瘤细胞侵入动脉,血液中查见肿瘤细胞,肿瘤细胞栓塞于远隔器官,在远隔器官形成同一类型的肿瘤,C
第5章 肿瘤,19,黏液癌最常见于(),血管壁,腹膜后,胃肠道,子宫,胆囊,D
第5章 肿瘤,20,关于肿瘤的间质(),不具有特异性,具有特异性,不含有血管,形态有异型性,任何肿瘤都有间质,C
第5章 肿瘤,21,下列肿瘤中，有明显家族发病倾向为(),胶质瘤,结肠息肉性腺瘤,骨软骨瘤,畸胎瘤,淋巴瘤,C
第5章 肿瘤,22,恶性肿瘤细胞主要通过下列哪种途径入血(),中等动脉,淋巴管,毛细血管和小静脉,小动脉,中等静脉,B
第5章 肿瘤,23,瘤性增生与炎性增生的根本区别是(),有炎细胞浸润,有核分裂象,生长快,有肿块形成,细胞不同程度的失去了分化成熟的能,C
第5章 肿瘤,24,淋巴结转移性癌的诊断依据是(),淋巴结肿大,淋巴结质地变硬,淋巴结疼痛,淋巴结内出现异型细胞,淋巴结内出现癌巢,D
第5章 肿瘤,25,下列哪项最符合转移性肿瘤的概念(）,远隔器官发生的另一种肿瘤,血道转移的结果,可形成“癌脐”,与原发瘤同属一类型,可进一步发生转移,B
第5章 肿瘤,26,下列哪项最符合鳞状细胞癌的特征),发生于原有单层扁平上皮的覆盖部位,呈外生性生长,癌细胞的排列及形态仍保留单层扁平,癌珠形成,主要经淋巴道转移,D
第5章 肿瘤,27,关于病理性核分裂象(,是恶性肿瘤所特有的,是良性肿瘤所特有的,良、恶性肿瘤均可有,良性肿瘤没有,以上都不是,E
第5章 肿瘤,28,良性肿瘤的异型性主要表现在),瘤细胞的多形性,细胞核的多形性,组织结构的异型性,病理性核分裂,细胞异型性,E
第5章 肿瘤,29,确定癌的主要依据是(,灰白、质硬,瘤细胞呈巢状排列,出现病理性核分裂象,细胞异型性明显,40 岁以上中老年人,C
第5章 肿瘤,30,下列哪一种是良性肿瘤(,霍奇金病,蕈样霉菌病,淋巴瘤,绒毛膜癌,成熟性囊性畸胎瘤,A
第5章 肿瘤,31,胃癌癌细胞穿透浆膜脱落于腹膜上形成的转移瘤称为(),远处转移,接触性转移,肿瘤直接蔓延,种植性转移,移植性转移,B
第5章 肿瘤,32,下列哪一项不符合炎性增生(),病因消除后增生停止,失去原组织结构和功能,属反应性增生,分化成熟,可见核分裂象,C
第5章 肿瘤,33,容易转移到脊椎的癌是(,胃癌,肾癌,前列腺癌,卵巢癌,膀胱癌,E
第5章 肿瘤,34,容易恶变的痣是()A. 皮内痣,是恶性肿瘤所独有的生长方式,交界痣,混合痣,蓝痣,上皮样痣,E
第5章 肿瘤,35,关于浸润性生长(,是恶性肿瘤所独有的生长方式,是良性肿瘤所独有的生长方式,良、恶性肿瘤均可以呈浸润性生长,良、恶性肿瘤均不可以呈浸润性生长,以上都不是,D
第5章 肿瘤,36,皮下一肿块，边界清楚，有包膜，质硬，灰白色，切面性质均匀一致，无继发)改变，可见纤细的编织状条纹，该肿物可能诊断为(),纤维瘤,纤维肉瘤,平滑肌瘤,平滑肌肉瘤,局部淋巴结肿大,C
第5章 肿瘤,37,诊断恶性肿瘤的重要依据是(）,肿块迅速长大,病理性核分裂象,恶病质,细胞有异型性,局部淋巴结肿大,C
第5章 肿瘤,38,良、恶性肿瘤的根本区别在于(),生长速度,有无出血、坏死,生长方式,分化程度,核分裂象的多少,C
第5章 肿瘤,39,下列哪一项是肿瘤(,错构瘤,动脉瘤,室壁瘤,创伤性神经瘤,,B
第5章 肿瘤,40,恶性肿瘤的特点有(）,转移,无出血、囊性变,呈膨胀性生长或外生性生长,生长快，可浸润,转移途径,E
第5章 肿瘤,41,以下哪项是癌与肉瘤的主要区别点(),发病年龄,大体特点,组织结构,精原细胞瘤,转移途径,D
第5章 肿瘤,42,下列哪项是淋巴瘤(）,霍奇金病,恶性间皮瘤,Krukenberg 瘤,精原细胞瘤,白血病,B
第5章 肿瘤,43,甲胎蛋白明显升高时，对下列哪种疾病有诊断意义(),肝硬变,肝转移癌,原发性肝细胞癌,慢性活动性肝炎,原发性胆管细胞癌,C
第5章 肿瘤,44,骨肉瘤的主要血清化验是(),碱性磷酸酶活性增高,酸性磷酸酶活性降低,碱性磷酸酶活性降低,酸性磷酸酶活性增高,以上都不是,B
第5章 肿瘤,45,平滑肌瘤最常发生于(一,腹膜后,子宫,胃肠道,膀胱,呼吸道,C
第5章 肿瘤,46,血道转移发生较早的癌是)(),绒毛膜癌,鼻咽癌,肝癌,肺癌,胃癌,A
第5章 肿瘤,47,肿瘤血道转移最常见的部位是(),肺、脑,肝、脑,肺、肝,肾、肝,肺、肾,D
第5章 肿瘤,48,下列哪种最支持恶性肿瘤的形态(),肿瘤与周围组织分界不清,囊性变,出血、坏死,鱼肉状,质硬,D
第5章 肿瘤,49,类癌的特性为(),为良性肿瘤,为移性上皮细胞发生的肿瘤,是一种与癌相似的肉瘤,为鳞状上皮细胞发生的肿瘤,为来源于神经嵴的一系列内分泌细胞,E
第5章 肿瘤,50,下列各项中哪项不属于区别良恶性肿瘤的要点.(）,肿瘤的组织结构,生长方式,复发与转移,压迫与阻塞,生长速度,A
第5章 肿瘤,51,左锁骨上淋巴结的转移性腺癌的最可能的来源是(),乳腺癌,卵巢癌,胃癌,肝癌,食管癌,C
第5章 肿瘤,52,下列哪种为恶性肿瘤(,囊状水瘤,畸胎瘤,混合瘤,霍奇金病,纤维腺瘤,A
第5章 肿瘤,53,下列哪一项最符合远隔器官转移瘤的特点(),与原发瘤组织学类型不同,在远隔器官内形成单个转移灶,分化程度同原发肿瘤,多个圆形结节，散在分布于脏器边缘，,淋巴道转移的结果,C
第5章 肿瘤,54,下列哪一项是判断良恶性肿瘤的主要组织学特征(),肿瘤细胞排列紊乱,肿瘤细胞核的多型性,肿瘤细胞的多型性,肿瘤细胞浆嗜碱性,肿瘤细胞失去极性,A
第5章 肿瘤,55,低分化肿瘤的特点是(,异型性小,瘤细胞呈明显的巢状排列,瘤细胞呈明显的弥散状排列,恶性程度高,恶性程度低,B
第5章 肿瘤,56,肉瘤的肉眼特点通常为(,结节状、有包膜，切面灰白质硬,结节状、有包膜，切面灰白质软,分叶状，可有或无包膜，切面灰红或,形状不定，切面灰白色，质硬，干燥,不规则结节状，有无完整包膜不定，,A
第5章 肿瘤,57,肿瘤的特性取决于(,肿瘤的生长部位,肿瘤的生长速度,肿瘤的生长方式,肿瘤的实质,肿瘤的间质,A
第5章 肿瘤,58,下列哪一项表示良性肿瘤的一般特征(),生长速度慢,不转移,膨胀性生长,Schwann 淋巴结,手术不易切除干净,D
第5章 肿瘤,59,晚期胃癌常转移到左锁骨上淋巴结，后者又称(),Aschoff 淋巴结,Ewing 淋巴结,Krukenberg 淋巴结,Schwann 淋巴结,Virchow 淋巴结,E
第5章 肿瘤,60,肿瘤细胞分化程度越高(,肿瘤的恶性程度越低,对放射治疗越敏感,肿瘤转移越早,预后越差,肿瘤细胞的异型性越大,D
第5章 肿瘤,61,肿瘤的异型性主要反映(),肿瘤的生长速度,肿瘤的性质,肿瘤的组织起源,肿瘤的分化程度,肿瘤的复发情况,C
第5章 肿瘤,62,下列哪项是恶性肿瘤的主要特征(),核分裂象多见,细胞丰富,瘤巨细胞形成,浸润性生长和转移,血管丰富,D
第5章 肿瘤,63,肿瘤性增生的主要特点是(),增生旺盛,增生过度,增生细胞出现分化障碍,与机体不协调,增生可形成肿块,D
第5章 肿瘤,64,下列哪种肿瘤的恶性型归入癌(),腺瘤,纤维瘤,脂肪瘤,滑膜瘤,血管瘤,B
第5章 肿瘤,65,胃肠道的恶性肿瘤经血道首先转移到C),肺,淋巴结,肝,骨,脑,D
第5章 肿瘤,66,肿瘤恶性程度的高低取决于(),肿瘤体积的大小,肿瘤患者的临床表现,肿瘤的生长速度,肿瘤细胞的分化程度,肿瘤发生的部位,E
第5章 肿瘤,67,上皮非典型性增生是指(,上皮细胞增生，但极性不丧失,不转移,不浸润上皮下层,上皮细胞异型增生，排列紊乱，极向,不会进一步发展为原位癌或浸润癌,D
第5章 肿瘤,68,最能体现腺癌的特点的是C),发生于腺上皮,癌细胞呈腺样排列,癌巢形成,呈结节样外观,异型性明显,D
第5章 肿瘤,69,E365.C373.D358.C366.D374.E359.B367.C375.E360.A368.C376.C361.A369.B377.A362.C370.C378.B363.B371.D379.C364.B372.B380.E,好发于青少年,是一种早期癌,癌变波及上皮全层，但未浸润至黏膜,未发生转移,可长期保持原来的结构，甚至消退,E
第5章 肿瘤,70,有些肿瘤的生物学行为介于良、恶性肿,好发于青少年,是一种早期癌,癌变波及上皮全层，但未浸润至黏膜,未发生转移,可长期保持原来的结构，甚至消退,A
第5章 肿瘤,71,骨肉瘤的主要诊断依据是(),好发于青少年,血道转移,发生于长骨骨干,出现肿瘤性骨质,可发生病理性骨折,D
第5章 肿瘤,72,目前诊断肿瘤最可靠的方法是(),细胞学检查法,活体组织检查法,彩色超声检查法,核磁共振检查法,,B
第5章 肿瘤,73,下列哪种不是恶性肿瘤,肾母细胞瘤,krukenberg 瘤,软骨母细胞,Ewing 瘤,蕈样霉菌病,D
第5章 肿瘤,74,瘤的实质是指(),肿瘤内肿瘤细胞,肿瘤内淋巴管,肿瘤内血管,肿瘤内神经组织,肿瘤内纤维结缔组织,B
第5章 肿瘤,75,骨肉瘤是指(),骨原发性的恶性肿瘤，有反应性骨质,肉瘤细胞直接形成肿瘤性骨样组织或,,,,C
第5章 肿瘤,76,E389.B397.A405.D382.D390.C398.C406.E383.C391.B399.A407.D384.C392.C400.C408.C385.C393.A401.A409.D386.B394.D402.B410.D387.E395.D403.A411.B388.D396.E404.A412.D,多呈分叶状,包膜不完整，切除后易复发,骨组织起源的肉瘤,骨组织中肉瘤的总称,骨组织来源的未分化肿瘤,A
第5章 肿瘤,77,恶性肿瘤在生长过程中变得越来越富骨组织的肿瘤,多呈分叶状,包膜不完整，切除后易复发,骨组织起源的肉瘤,骨组织中肉瘤的总称,骨组织来源的未分化肿瘤,C
第5章 肿瘤,78,下列哪项为纤维腺瘤的特征(),多呈分叶状,包膜不完整，切除后易复发,易恶变,瘤实质由增生的腺上皮和纤维组织组,常发生于卵巢,D
第7章 心血管系统疾病,1,原发性良性高血压的基本病变是(),原发性心肌肥厚、功能亢进,细、小动脉硬化,细、小动脉纤维素样坏死,小动脉粥样硬化,以上都不是,D
第7章 心血管系统疾病,2,高血压的发病与哪项因素关系不大(),遗传因素,肾因素,社会心理应激,,,B
第7章 心血管系统疾病,3,癌前病变是指某些具有癌变潜在可能性的病变，如长期存在，即有可能转变癌。常见的癌前病变有慢性溃疡性结肠炎、黏膜白斑、慢性子宫颈炎伴子宫颈烂、皮肤慢性溃疡、乳腺增生性纤维囊性病、结肠息肉状腺瘤、肝硬化、慢性萎性胃炎及胃溃疡等。43.良性肿瘤对机体影响轻，包括局部压迫,,,,每日饮食摄盐量过多,患动脉粥样硬化,C
第7章 心血管系统疾病,4,动脉瘤是指(),动脉发生的良性肿瘤,动脉血管破裂形成的血肿,动脉内血栓形成并机化,血管壁的局部扩张,动脉发生的恶性肿瘤,D
第7章 心血管系统疾病,5,动脉瘤最好发的部位是(),冠状动脉,动脉,下肢动脉,上肢动脉,主动脉及脑血管,B
第7章 心血管系统疾病,6,下列关于心肌梗死的描述哪项是错误的(）,梗死灶呈楔形,多为贫血性梗死,梗死灶呈灰黄色周围有充血带,相应心内膜可以附壁血栓形成,相应心外膜可有纤维蛋白渗出,C
第7章 心血管系统疾病,7,良性高血压病晚期不会引起,颗粒性固缩肾,脑出血,肾盂积水,心力衰竭,眼底出血,A
第7章 心血管系统疾病,8,毛细血管,泡沫细胞,,大动脉,,细小静脉,B
第7章 心血管系统疾病,9,胆固醇结晶,遗传因素是动脉粥样硬化的危险因素,高血压患者，动脉粥样硬化发病较早，,淋巴细胞,中性粒细胞,纤维组织伴玻璃样变性,D
第7章 心血管系统疾病,10,关于动脉粥样硬化的危险因素中下述哪一项是错误的(),遗传因素是动脉粥样硬化的危险因素,高血压患者，动脉粥样硬化发病较早，,吸烟是引起动脉粥样硬化的因素之一,高脂血症，特别是HDL 水平持续升高,雌激素可降低血浆胆固醇水平，因此,D
第7章 心血管系统疾病,11,下列关于风湿性心内膜炎的描述中哪项是正确的,瓣膜赘生物牢固相连,瓣膜赘生物内有细菌,受累瓣膜易穿孔,受累瓣膜以三尖瓣为主,赘生物位于房室瓣的心室面,C
第7章 心血管系统疾病,12,动脉粥样硬化主要发生在,细、小动脉,大、中动脉,细、小静脉,大、中静脉,毛细血管,E
第7章 心血管系统疾病,13,下列哪项不属于动脉粥样硬化复合病变(),动脉壁纤维化,斑块内出血,钙化,斑块破裂,动脉瘤形成,B
第7章 心血管系统疾病,14,动脉粥样硬化的继发性病变中哪项不对(),钙化,斑块内出血,动脉瘤形成,动脉壁大量纤维素样坏死,粥样瘤性溃疡,B
第7章 心血管系统疾病,15,主动脉粥样硬化的好发部位(),升主动脉,主动脉弓,胸主动脉,腹主动脉,腹主动脉后壁和其分支开口处,B
第7章 心血管系统疾病,16,脑动脉粥样硬化最常见的部位是(),大脑中动脉,大脑前动脉,大脑后动脉,大脑中动脉及 Willis 环,基底动脉及大脑后动脉,E
第7章 心血管系统疾病,17,心冠状动脉粥样硬化最常受累的动脉分枝是(),右冠状动脉主干,左冠状动脉主干,右冠状动脉后降支,左冠状动脉回旋支,左冠状动脉前降支,B
第7章 心血管系统疾病,18,心肌梗死最常见部位是(,室间隔后 1/3,左心室前壁,右心房,左心房,二尖瓣,A
第7章 心血管系统疾病,19,风湿病变累及全身结缔组织，其中最严重的器官是(),脑,血管,心脏,皮肤,关节,E
第7章 心血管系统疾病,20,关于风湿病的论述中哪一项是不正确的,风湿病是累及全身结缔组织的变态反,心脏病变对患者危害最大,风湿性心内膜炎引起的慢性心瓣膜病,风湿性关节炎常可导致关节畸形,皮下结节和环形红斑对临床诊断风湿,C
第7章 心血管系统疾病,21,在风湿病中最具有诊断意义的病变是(),胶原纤维的纤维素性炎,心外膜纤维素渗出,Aschoff 小体,心肌变性坏死,心瓣膜纤维组织增生,A
第7章 心血管系统疾病,22,动脉粥样硬化合并血栓形成的主要原因是：,血液凝固性增高,血流旋涡形成,血流缓慢,内膜损伤,以上都不是,A
第7章 心血管系统疾病,23,高血压病最常累及的血管是：,全身小静脉,全身细小动脉,全身中、小动脉,大动脉,中动脉,C
第7章 心血管系统疾病,24,下述风湿性病变中，哪一项对机体危害最大(一,反复发作的环形红斑,,反复发作的风湿性关节炎,风湿性动脉炎,风湿性皮下结节,D
第7章 心血管系统疾病,25,高血压心脏的主要改变是：,心肌间质有肉芽肿形成,心肌有梗死灶,左心室有疤痕形成,左心室心肌肥大，心室壁增厚，心脏,以上都不是,D
第7章 心血管系统疾病,26,动脉粥样硬化脂纹病变中主要的细胞成分是(),单核细胞,T淋巴细胞,泡沫细胞,平滑肌细胞,中性粒细胞,A
第7章 心血管系统疾病,27,良性高血压脑出血最主要的原因是(),脑细、小动脉痉挛,脑血管动静脉瘘,脑小动脉粥样硬化,脑内微小动脉瘤破裂,脑细、小动脉壁变性、坏死,B
第7章 心血管系统疾病,28,马氏斑（MacCallum's patch）位于,右心房,左心房,右心室,左心室,心外膜,C
第7章 心血管系统疾病,29,高血压性心脏病代偿期的特征是(),左心室扩张,心壁肉柱扁平,左心室向心性肥大,弥漫性心肌纤维化,以上都不是,E
第7章 心血管系统疾病,30,关于慢性风湿性心脏瓣膜病的描述中．下列哪一项是错误的？,瓣膜硬化,瓣叶互相粘连,腱索增粗缩短,瓣膜增厚蜷曲,瓣膜穿孔,C
第7章 心血管系统疾病,31,高血压脑出血常见的血管是,小脑小动脉,脊髓前动脉,豆纹动脉,大脑前动脉,大脑中动脉,B
第7章 心血管系统疾病,32,高血压脑出血最易发生的部位是(),大脑白质,小脑,丘脑区域,桥脑,内囊及基底节区域,D
第7章 心血管系统疾病,33,急进型高血压患者死于尿毒症的原发基本病变是(),肾动脉血栓形成,肾细小动脉纤维素样坏死,肾小球纤维化,肾小管坏死,肾间质出血,E
第7章 心血管系统疾病,34,关于风湿病，下列哪一项是错误的(),与A 组乙型溶血性链球菌感染有关,是一种结缔组织病,以形成风湿小体为病变特征,风湿性关节炎常可导致关节畸形,皮下结节和环形红斑对临床诊断风湿,C
第7章 心血管系统疾病,35,高血压心脏向心性肥大下述描述中，哪一项是错误的(),左心室壁增厚,左心室乳头肌和肉柱增粗,左心室扩张,镜下心肌纤维肥大,心脏重量增多,B
第7章 心血管系统疾病,36,下列哪项因素与动脉粥样硬化发生关系最为密切(),吸烟,高脂血症,高血压,肥胖,遗传因素,D
第7章 心血管系统疾病,37,动脉粥样硬化主要累及(,小动脉的内膜,大、中动脉的中膜,大、中动脉的内膜,小动脉的中膜,细动脉壁,E
第7章 心血管系统疾病,38,引起心肌炎最常见的原因是(),酗酒,细菌感染,免疫反应,药物中毒,柯萨奇 B 组病毒,D
第7章 心血管系统疾病,39,下列哪种疾病易导致心肌间质中出现大量淋巴细胞浸润(）,风湿性心肌炎,病毒性心肌炎,心肌病,心肌梗死,细菌性心肌炎,B
第7章 心血管系统疾病,40,下述哪项关于风湿病的记述是错误的,抗菌素的广泛应用，降低了风湿病的,抗体滴定度增高提示本病是由溶血性,多见于寒冷地区,是一种结缔组织病,早期咽部培养，溶血性链球菌阳性,E
第7章 心血管系统疾病,41,下述哪种成分是粥样斑块中所不具的,胶原纤维,胆固醇结晶,坏死物质,泡沫细胞,中性白细胞,B
第7章 心血管系统疾病,42,亚急性细菌性心内膜炎的赘生物脱落后最易引起栓塞的部位是(),皮肤,心脏,肾,脾,脑,D
第7章 心血管系统疾病,43,二尖瓣狭窄首先引起(一,左心房肥大扩张,心室肥大扩张,肠球菌,肺动脉高压,右心衰竭,D
第7章 心血管系统疾病,44,急性感染性心内膜炎的最常见的病原体是(),金黄色葡萄球菌,白色念珠菌,肠球菌,溶血性链球菌,草绿色链球菌,E
第7章 心血管系统疾病,45,下述关于慢性心瓣膜病的记述中，哪一项是错误的,多由风湿性和亚急性细菌性心内膜炎,表现为瓣膜口狭窄和/或瓣膜关闭不,二尖瓣最常受累，其次是主动脉瓣,可引起血液动力学和心脏的变化,一般不会同时累及两个以上的瓣膜,C
第7章 心血管系统疾病,46,心冠状动脉粥样硬化，最常受累的动脉分支是哪个,右冠状动脉主干,左冠状动脉主干,右冠状动脉内旋支,左冠状动脉内旋支,左冠状动脉前降支,C
第7章 心血管系统疾病,47,关于二尖瓣狭窄的记述中．哪一项是错误的,左心室肥大、扩张,右心室肥大、扩张,左心房肥大、扩张,右心房肥大、扩张,,B
第8章 呼吸系统疾病,1,肺气肿的病变部位发生在(),肺泡,支气管,呼吸性细支气管以远肺组织,管径小于 1mm 的支气管。,终末细支气管,C
第8章 呼吸系统疾病,2,慢性支气管炎并发肺气肿通常是(）,腺泡中央型肺气肿,全腺泡型肺气肿,肺泡远端型肺气肿,代偿性肺气肿,间质性肺气肿,B
第8章 呼吸系统疾病,3,下列哪种疾病不属于慢性阻塞性肺病(),支气管炎,肺气肿,支气管哮喘,慢性肺源性心脏病,支气管扩张症,D
第8章 呼吸系统疾病,4,慢性支气管炎的病变性质是(),慢性特异性炎症,慢性非特异性炎症,,,,E
第8章 呼吸系统疾病,5,粥样斑块(atheromatous plaque)5.脂纹(fatty steak),,,浆液性炎症,卡他性炎症,化脓性炎症,B
第8章 呼吸系统疾病,6,简述风湿病的基本病变及其一般所持续的时间。31.E37.E43.A32.B38.B44.E33.D39.C45.E34.C40.E46.A35.B41.E36.C42.A,吸烟,空气污染,浆液性炎症,卡他性炎症,化脓性炎症,C
第8章 呼吸系统疾病,7,引起肺气肿的最重要原因是(),吸烟,空气污染,小气道感染,肺尘埃沉着症,慢性阻塞性细支气管炎,D
第8章 呼吸系统疾病,8,慢性支气管炎患者出现阻塞性通气障碍、缺氧的主要环节是(),支气管壁组织因炎症而破坏,支气管壁腺体增生、肥大,病变引起小气道狭窄或阻塞,肺组织高度纤维化,急、慢性细支气管炎及细支气管周围,B
第8章 呼吸系统疾病,9,慢性阻塞性肺病最常见的原因是(）,支气管哮喘,支气管扩张,肺脓肿,肺结核球,慢性支气管炎,E
第8章 呼吸系统疾病,10,下列哪项不符合小叶性肺炎,多由致病力弱的肺炎球菌引起,好发于老人、儿童、久病卧床者,以细支气管为中心的纤维素性炎症,常作为其它疾病的并发症出现,病灶可互相融合,B
第8章 呼吸系统疾病,11,慢性支气管炎最常见的并发症是(),支气管扩张症,大叶性肺炎,肺气肿,小叶性肺炎,肺脓肿,D
第8章 呼吸系统疾病,12,下列哪一种病变能反映大叶性肺炎的本质(),肺泡的化脓性炎症,肺泡的出血性炎症,肺泡的纤维素性炎症,肺的肉质变,以上都不是,D
第8章 呼吸系统疾病,13,大叶性肺炎患者灰色肝样变期与红色肝样变期的临床表现不同在于(),胸痛消失,咳铁锈色痰,缺氧状况有所好转,重新出现啰音,开始出现肺实变体征,E
第8章 呼吸系统疾病,14,大叶性肺炎患者，明显的紫绀症状常出现在哪一期(),充血水肿期,红色肝样变期,灰色肝样变期,溶解消散期,病变恢复期,C
第8章 呼吸系统疾病,15,鼻咽癌的常见组织学类型,高分化鳞癌,泡状核细胞癌,未分化癌,腺癌,低分化鳞癌,C
第8章 呼吸系统疾病,16,下列哪种类型为不累及肺泡的肺气肿(),全腺泡型,腺泡中央型,腺泡周围型,不规则型,间质性肺气肿,B
第8章 呼吸系统疾病,17,下列不会导致支气管扩张症的疾病是(）,肺结核,慢性支气管炎,小叶性肺炎,大叶性肺炎,肺囊性纤维化,D
第8章 呼吸系统疾病,18,鼻咽癌的组织学类型中，以哪一种最为多见(),未分化癌,泡状核细胞癌,低分化鳞状细胞癌,高分化鳞状细胞癌,腺泡状腺癌,B
第8章 呼吸系统疾病,19,急性细支气管炎出现呼吸困难的主要病变基础是(),管壁炎性细胞浸润及管腔内炎性渗出,肺萎缩,细支气管平滑肌痉挛,急性阻塞性肺气肿,细支气管上皮坏死脱落及上皮再生,D
第8章 呼吸系统疾病,20,关于慢性肺源性心脏病，下列哪一项是错误的(),凡是能够导致肺循环阻力增加的疾病,慢性支气管炎是最常见的原发疾病,间质性肺炎引起肺间质纤维化可并发,慢性肺心病发生的关键环节是肺动脉,右心肥大、扩张是其病变特点,B
第8章 呼吸系统疾病,21,下列哪一项符合慢性肺源性心脏病的演进(）,支气管肺炎→代偿性肺气肿→慢性肺,慢性支气管炎→阻塞性肺气肿→慢性,间质性肺炎→间质性肺气肿→慢性肺,大叶性肺炎→肺肉质变→慢性肺心病,肺癌阻塞、压迫支气管→肺气肿→慢,B
第8章 呼吸系统疾病,22,成人呼吸窘迫综合征早期最有诊断意义的病理组织学变化是(,部分肺泡萎陷,肺泡壁充血水肿,肺泡腔充满水肿液,透明膜形成,毛细血管内中性粒细胞聚集,B
第8章 呼吸系统疾病,23,新生儿呼吸窘迫综合征的主要病变特征是(),肺透明膜形成,肺淤血水肿,羊水吸入,肺不张,毛细血管内微血栓形成,D
第8章 呼吸系统疾病,24,在我国引起肺源性心脏病最常见的病是(),肺结核,硅沉着症,支气管哮喘,支气管扩张症,慢性支气管炎伴肺气肿,A
第8章 呼吸系统疾病,25,大叶性肺炎的病变性质是：,纤维素性炎,变态反应性炎,化脓性炎,浆液性炎,出血性炎,C
第8章 呼吸系统疾病,26,最容易引起皮肤潮红、水泻、心动过速支气管哮喘等症状的肺癌类型是(),大细胞癌,黏液癌,类癌,未分化腺癌,低分化鳞状细胞癌,B
第8章 呼吸系统疾病,27,鼻咽癌常发生在,鼻咽后部,鼻咽顶部,鼻咽侧壁,鼻咽前壁,鼻咽底部,B
第8章 呼吸系统疾病,28,肺源性心脏病最常见的原因是,支气管哮喘,支气管扩张,慢性支气管炎,肺结核病,矽肺,B
第8章 呼吸系统疾病,29,病毒性肺炎的主要病理诊断依据C),间质性肺炎,肺泡性肺炎,透明膜形成,病毒包涵体,单核细胞和淋巴细胞浸润,B
第8章 呼吸系统疾病,30,下列哪一项能反映小叶性肺炎的本质),支气管及肺泡的化脓性炎症,支气管及肺泡的纤维素性炎症,支气管及肺泡的卡他性炎症,支气管及肺泡的出血性炎症,支气管及肺泡结构的破坏,C
第8章 呼吸系统疾病,31,可由多种细菌所致,肺炎链球菌,肺炎支原体,起病隐匿,实变体征不明显,可闻及湿罗音,C
第8章 呼吸系统疾病,32,下列能引起间质性肺炎的病原体是),肺炎链球菌,肺炎支原体,溶血性链球菌,肺炎克雷伯杆菌,金黄色葡萄球菌,C
第8章 呼吸系统疾病,33,小叶性肺炎不会出现的并发症是(),肺脓肿,呼吸衰竭,支气管扩张,肺肉质变,心力衰竭,B
第8章 呼吸系统疾病,34,慢性肺源性心脏病的主要发病因素不包括(),肺循环阻力增加,体循环阻力增加,肺动脉高压,肺气肿,气道阻塞,A
第8章 呼吸系统疾病,35,以下哪一项描述不符合硅肺的病变特点(）,I期硅肺以淋巴结内引起硅结节为特,硅结节可融合成团,胸膜可有纤维组织增生、肥厚,易合并恶性胸膜间皮瘤,可形成胸膜肼胝,A
第8章 呼吸系统疾病,36,下列哪项不是肺硅沉着症常见的并发症(),阻塞性肺气肿,自发性气胸,肺结核病,肺肉质变,肺源性心脏病,A
第8章 呼吸系统疾病,37,早期硅结节中的细胞是(,大量巨噬细胞,大量淋巴细胞,大量浆细胞,大量成纤维细胞,大量嗜酸性粒细胞,A
第8章 呼吸系统疾病,38,肺石棉沉着症并发的最常见的恶性肿瘤是(),喉癌,肺癌,食管癌,胃癌,恶性胸膜间皮瘤,D
第8章 呼吸系统疾病,39,肺硅沉着症的特征性病变是(),肺门淋巴结肿大,肺间质纤维化,硅结节形成,胸膜纤维化,肺气肿,D
第8章 呼吸系统疾病,40,小叶性肺炎的病变范围,以呼吸性细支气管为中心,以终未细支管为中心,以细支气管为中心,以支气管为中心,以肺泡管为中心,B
第8章 呼吸系统疾病,41,病毒性肺炎特点中不包括(),常是上呼吸道病毒感染向下蔓延所致,细胞内可检见包涵体,病变严重者，肺泡内可出现脓性渗出,肺组织内出现灶状坏死,炎症从支气管、细支气管开始沿肺间,A
第8章 呼吸系统疾病,42,下列哪项符合硅肺的特点(),硅结节是一种肉芽肿性病变,早期病变出现于两肺下叶和背侧,硅肺性空洞是合并结核病的结果,吸入的二氧化硅尘粒越大，密度越高,以上都不是,C
第8章 呼吸系统疾病,43,男性，55岁，30年吸烟史，刺激性干咳6个月。查体X线片示右肺门处不规则分叶状巨大阴影，边界不清。最有可能的)诊断是(),肺鳞状细胞癌,大叶性肺炎,小叶性肺炎,原发性肺结核,慢性纤维空洞型肺结核,B
第8章 呼吸系统疾病,44,二氧化硅尘致病力最强的是,<5 微米,>5 微米,<3 微米,1-2 微米,3-4 微米,B
第8章 呼吸系统疾病,45,肺癌的早期诊断中最有价值的检查是(),早期症状的发现,纤维支气管镜活检,X 线检查,CT 检查,血液检查,D
第9章 消化系统疾病,1,慢性萎缩性胃炎与慢性浅表性胃炎的主要区别是(）,黏膜层有水肿、点状出血和上皮坏死,黏膜浅层有淋巴细胞、浆细胞浸润,腺上皮萎缩伴肠上皮化生,黏膜固有层淋巴细胞、浆细胞浸润,腺上皮萎缩伴淋巴细胞、浆细胞浸润,C
第9章 消化系统疾病,2,B型慢性萎缩性胃炎好发于(),贲门,胃小弯,胃大弯,胃窦部,胃底部,D
第9章 消化系统疾病,3,慢性萎缩性胃炎B型的表现有(）,胃体部黏膜弥漫性病变,胃窦部黏膜病变严重,血清自身抗体阳性,维生素 B 吸收障碍,常伴有恶性贫血,B
第9章 消化系统疾病,4,关于萎缩性胃炎的病因，下列哪项是错误的(),B型血中有内因子抗体,A 型与自身免疫有关,B型与自身免疫无关,肠上皮,A 型血中有壁细胞抗体,A
第9章 消化系统疾病,5,慢性浅表性胃炎肉眼所见主要是(),胃黏膜失去正常光泽,胃黏膜皱襞变浅或消失,胃黏膜薄而光滑,可见黏膜充血、水肿,黏膜下小血管清晰可见,D
第9章 消化系统疾病,6,肠上皮化生多见于(),慢性肠炎,慢性萎缩性胃炎,慢性胃溃疡,十二指肠溃疡,溃疡性结肠炎,B
第9章 消化系统疾病,7,溃疡病穿孔后最严重的后果是(),穿孔后引起小网膜急性炎症,穿孔后引起急性弥漫性腹膜炎,穿孔后引起肠粘连,穿孔后引起溃疡周围脓肿形成,穿孔后引起慢性包裹性腹膜炎,C
第9章 消化系统疾病,8,下列关于慢性胰腺炎病理特点的描述，哪一项是错误的(一,胰腺呈结节状，质硬,有纤维组织增生及钙盐沉着,间质纤维组织增生，胰管扩张,胰腺中有钙皂形成及间质中单核细胞,腺泡及胰岛组织萎缩消失,E
第9章 消化系统疾病,9,慢性胃溃疡最常见的并发症是(),出血,穿孔,梗阻,癌变,粘连,A
第9章 消化系统疾病,10,慢性消化性溃疡的发生与下列哪项因素无关(),迷走神经兴奋性降低,胃的壁细胞分泌胃酸增多,胃泌素瘤分泌胃泌素样物质,胆汁排入十二指肠增多,胃窦部 G 细胞分泌胃泌素亢进,D
第9章 消化系统疾病,11,下列关于慢性胃溃疡的描述哪一项是错误的(),溃疡多位于胃大弯近幽门侧,溃疡直径多在 2cm 以内,溃疡边缘整齐不隆起,溃疡周围黏膜皱襞呈放射状,溃疡一般较深,C
第9章 消化系统疾病,12,与慢性胃炎发病有关的细菌是(）,幽门螺杆菌,白色念珠菌,葡萄球菌,链球菌,大肠杆菌,A
第9章 消化系统疾病,13,萎缩性胃炎与浅表性胃炎最确切的区别是(),病变部位,黏膜厚度,炎症细胞浸润的深度,胃黏膜固有腺体萎缩,以上都不是,D
第9章 消化系统疾病,14,消化性溃疡最好发生哪一部位(),胃小弯近贲门部处,胃小弯近幽门部,胃大弯及胃底,十二指肠球部,十二指肠降部,D
第9章 消化系统疾病,15,复合性消化性溃疡是指(,胃大弯和胃小弯都有溃疡,胃底部和胃体部都有溃疡,胃和十二指肠都有溃疡,十二指肠球部和降部都有溃疡,十二指肠球部前壁和后壁都有溃疡,C
第9章 消化系统疾病,16,下述哪项不是大肠癌的特点(),发生部位多见于直肠、乙状结肠,发病与环境及遗传因素有关,癌胚抗原 CEA 是常见的肿瘤抗原,可向肠壁深层弥漫浸润，使肠壁增厚,常早期血行转移,E
第9章 消化系统疾病,17,胃癌最主要的转移途径是(）,直接扩散,淋巴道转移,血道转移,腹腔内种植,盆腔内种植,B
第9章 消化系统疾病,18,Krukenberg 瘤是指(),胃黏液癌种植转移至膀胱上,肺癌种植转移至胸膜上,胃黏液癌种植转移至腹膜上,胃黏液癌种植转移至肠壁上,胃黏液癌种植转移至卵巢上,E
第9章 消化系统疾病,19,下列哪一项不符合胃癌的转移特点(）,经淋巴道转移至锁骨上淋巴结,淋巴道扩散至肝门淋巴结,晚期经血道转移至肝脏,种植性转移至大网膜淋巴结,种植性转移至卵巢,D
第9章 消化系统疾病,20,胃癌癌细胞主要来源于胃腺的(),主细胞,壁细胞,颈部的干细胞,黏液细胞,底部的基底细胞,C
第9章 消化系统疾病,21,胃、肠道癌发生血行转移的最常见器官是(）,肺,脑,肝,肾,胃窦部小弯处,C
第9章 消化系统疾病,22,晚期胃癌，最常发生转移的远处淋巴结为(),颈部,腋窝,腹股沟,左锁骨上,胃窦部小弯处,D
第9章 消化系统疾病,23,在胃癌 HE染色切片中，癌细胞弥漫浸润于黏膜下层及肌层，有大量淡蓝色无结构的物质，其中漂浮小堆癌细胞，部分癌细胞核偏于一侧，胞浆内亦有上述物质。该切片应诊断为(),印戒细胞癌,腺鳞癌,乳头状腺癌,管状腺癌,未分化癌,A
第9章 消化系统疾病,24,溃疡型胃癌与胃溃疡在病理形态上主要不同点是(）,溃疡面坏,溃疡合并穿孔,溃疡深及肌层,溃疡直径大于 2cm,溃疡处有癌细胞,E
第9章 消化系统疾病,25,急性重型肝炎的病变性质是(),以肝细胞变性为主的炎症,以肝细胞坏死为主的炎症,以肝细胞增生为主的炎症,以汇管区渗出为主的炎症,以汇管区增生为主的炎症,B
第9章 消化系统疾病,26,癌变率较高的大肠病变是(）,绒毛状腺瘤,增生性息肉,腺瘤性息肉,幼年性息肉,炎性息肉,A
第9章 消化系统疾病,27,关于肝细胞气球样变细胞中下列哪一项改变是错误的(),细胞内糖原增多,细胞内水分增多,内质网扩张、囊泡变性,线立体肿胀、嵴消失,粗面内质网核蛋白体颗粒消失,A
第9章 消化系统疾病,28,毛玻璃样肝细胞可见于(,急性普通型肝炎,慢性普通型肝炎,急性重型肝炎,亚急性重型肝炎,酒精性肝病,B
第9章 消化系统疾病,29,急性重型肝炎的病变，哪项是不正的(),肝细胞大片坏,肝窦扩张充血,网状支架塌陷,坏死灶及周围有炎细胞浸润,肝细胞再生结节形成,E
第9章 消化系统疾病,30,可造成感染慢性化的肝炎病毒(),肝炎病毒A、B、C,肝炎病毒 A、B、E,肝炎病毒 A、C、D,肝炎病毒B、C、D,肝炎病毒 C、D、E,D
第9章 消化系统疾病,31,关于胰腺癌下述临床表现中，哪项悬错误的(),黄疸,CEA 阳性,腹水,疼痛,淀粉酶减低,E
第9章 消化系统疾病,32,下列哪一种阑尾炎最易引起阑尾穿孔(),慢性阑尾炎,慢性阑尾炎急性发作,急性坏疽性阑尾炎,急性单纯性阑尾炎,急性化脓性阑尾炎,C
第9章 消化系统疾病,33,阑尾炎最严重的并发症是(),肝脓肿,肾脓肿,假黏液瘤,急性弥漫性腹膜炎,阑尾周围脓肿,D
第9章 消化系统疾病,34,阑尾系膜静脉血栓形成易见于下列种阑尾炎(),急性坏疽性阑尾炎,慢性阑尾炎急性发作,急性单纯性阑尾炎,慢性阑尾炎,急性蜂窝织炎性阑尾炎,A
第9章 消化系统疾病,35,引起阑尾炎的最重要原因是(),阑尾腔内细菌感染,阑尾周围炎症蔓延,阑尾腔内阻塞并感染,阑尾黏膜损伤并感染,机体抵抗力降低,C
第9章 消化系统疾病,36,下述均为 Crohn 病的病变特点，但除外),黏膜水肿并有裂隙状溃疡形成,黏膜下层淋巴管扩张，内皮增生、水,黏膜下层淋巴滤泡形成,肠壁可有肉芽肿形成,肉芽肿中心可发生干酪样坏死,E
第9章 消化系统疾病,37,关于 Crohn 病的病变，下列哪一项是错误的(),病变主要累及结肠,病变局限呈节段性分布,病变肠壁可发生粘连,肠系膜淋巴结肿大,病变肠黏膜高度水肿如铺路石,A
第9章 消化系统疾病,38,慢性溃疡性结肠炎的病变特点不包括(),病变可累及结肠各段,临床上呈慢性经过,肠壁形成较大溃疡,易修复不易癌变,常伴有肠外免疫性疾病,D
第9章 消化系统疾病,39,溃疡型胃癌与胃溃疡相比，下列关于癌性溃疡的肉眼描述哪项是错的(),外形呈火山口状,边缘不整齐,大小多大于 2cm,深度较深,底部凹凸不平,D
第9章 消化系统疾病,40,胃癌常见的组织学类型中不包括(),乳头状腺癌,管状腺癌,黏液腺癌,印戒细胞癌,透明细胞癌,E
第9章 消化系统疾病,41,按发病率递减的顺序，食道癌最常见的部位依次是(),食道上段、中段、下段,食道中段、下段、上段,食道上段、下段、中段,食道中段、上段、下段,各段分布相等,B
第9章 消化系统疾病,42,食道癌的直接浸润一般不会引起(),食道-气管瘘,肺脓肿,脓胸,大出血,颈部淋巴结肿大,E
第9章 消化系统疾病,43,关于食道癌，下列哪一项是错误的(),多见于食道中段,鳞状细胞癌最多见,腺癌的发生与 Barrett 食道有关,早期可有吞咽困难,晚期可经血道转移至肝和肺,D
第9章 消化系统疾病,44,除下列哪项外均为中晚期食道癌的肉眼类型(),髓质型,蕈伞型,平坦型,溃疡型,缩窄型,C
第9章 消化系统疾病,45,食道癌最常见的组织学类型是(),鳞状细胞癌,小细胞癌,腺癌,腺鳞癌,黏液癌,A
第9章 消化系统疾病,46,早期发现胃癌最可靠的方法是(),X 线钡餐检查,超声波检查,胃液特异酶检测,胃液脱落细胞学检查,胃镜活组织检查,E
第9章 消化系统疾病,47,早期胃癌的病理诊断标准是癌组织(),直径小于2cm,局限于黏膜层内,未侵及肌层,未侵及浆膜层,无局部淋巴结转移,C
第9章 消化系统疾病,48,革囊胃的形成是指(),范围较大的溃疡型胃癌,胃溃疡广泛瘢痕形成,胃癌癌细胞弥漫浸润胃壁,胃癌伴胃囊性扩张,胃黏液腺癌大量黏液潴留,C
第9章 消化系统疾病,49,急性重型肝炎发生在下列哪一种情况(),T细胞功能正常，感染病毒少，毒力,T细胞功能不足，仅能杀灭一部分感,T细胞功能正常，感染病毒最多，毒,机体免疫功能缺陷，缺乏有效免疫反,以上都不是,C
第9章 消化系统疾病,50,肝硬化引起门脉高压的原因一般不包括(）,假小叶压迫小叶下静脉,纤维组织压迫中央静脉,肝窦狭窄、闭合,肝动脉和门静脉之间形成吻合支,肝动脉与肝静脉之间形成吻合支,E
第9章 消化系统疾病,51,肝硬化患者出现蜘蛛状血管痣是由于(),血管内压增高,侧支循环形成,凝血机制障碍,雌激素增多,低蛋白血症,D
第9章 消化系统疾病,52,肝硬化侧支循环形成可造成严重的上消化道出血是指(),食道下段静脉丛曲张,食道上段静脉丛曲张,脐周静脉丛曲张,痔静脉丛曲张,以上均不是,A
第9章 消化系统疾病,53,关于门脉高压症引起的侧支循环形成，下列哪项配对错误(),胃左冠状静脉-食道静脉,肠系膜下静脉-直肠静脉丛,肠系膜上静脉-直肠静脉丛,脐旁静脉-脐周静脉网,腹壁浅静脉-脐旁静脉,C
第9章 消化系统疾病,54,下列哪项不属于门脉高压症(),脾肿大,腹水,侧支循环形成,胃肠道淤血,蜘蛛痣,E
第9章 消化系统疾病,55,门脉性肝硬化最严重的并发症是(),腹腔积液,脾肿大,血小板减少,肝性脑病,痔静脉曲张,D
第9章 消化系统疾病,56,肝细胞大片崩解坏死并有肝细胞结节状再生者见于(一,慢性持续性肝炎,慢性活动性肝炎,亚急性重型肝炎,急性普通型肝炎,急性重型肝炎,C
第9章 消化系统疾病,57,原发性肝癌的肉眼分型不包括(),结节型,弥漫型,巨块型,混合型,小肝癌,D
第9章 消化系统疾病,58,早期肝癌是指瘤体(,单个有包膜,3cm 以下，不超过 2 个,微小而多个,界限清楚无出血,以上都是,E
第9章 消化系统疾病,59,肝癌最常见的转移方式是(）,门静脉转移,淋巴道转移,肝静脉转移,脾静脉转移,种植性转移,A
第9章 消化系统疾病,60,肝细胞癌患者最有诊断意义的血清学指标是(一,甲胎蛋白,癌胚抗原,碱性磷酸酶,酸性磷酸酶,γ-谷氨酰转肽酶,A
第9章 消化系统疾病,61,原发性肝癌是指(),胆管上皮发生的癌,肝细胞和肝内胆管上皮发生的癌,肝细胞发生的癌,肝细胞和肝外胆管上皮发生的癌,来自 Kupffer 细胞的恶性肿瘤,B
第9章 消化系统疾病,62,关于急性胰腺炎病理改变的描述中，下列哪项是错误的(),水肿性者病变多局限在胰尾,水肿性者可见局限性脂肪坏死,出血性者为大片凝固性坏死,出血性者有散在的钙化灶,出血性者病变多局限在胰尾,E
第9章 消化系统疾病,63,急性胰腺炎时，下列哪项不可能出现(),急腹症,休克,血清中碱性磷酸酶活性增高,血清中钙离子及钾、钠离子降低,血清及尿中淀粉酶和脂酶含量增高,C
第9章 消化系统疾病,64,可导致肝脏肿大的疾病不包括(),肺源性心脏病,普通型肝炎,重型肝炎,糖尿病,胆汁郁积性肝炎,C
第9章 消化系统疾病,65,肝细胞弥漫性水样变性主要见于(),急性重型肝炎,亚急性重型肝炎,慢性持续性肝炎,急性普通性肝炎,胆汁郁积性肝炎,D
第9章 消化系统疾病,66,关于病毒性肝炎，下列哪项是错误的(),以肝实质细胞变性坏死为主要病变的,各型肝炎病变的性质不完全相同,急性普通型肝炎以广泛的肝细胞变性,桥接坏死常见于中、重度慢性肝炎,大片的溶解性坏死是重型肝炎的病变,B
第9章 消化系统疾病,67,慢性肝炎时，肝细胞出现毛玻璃样改变的原因是(),内质网内有大量 HbsAg,高尔基器内有大量 HBsAg,线粒体肿胀,胞浆内细胞器的变性,以上都不是,A
第9章 消化系统疾病,68,病毒性肝炎时最常见的肝细胞变性是(),嗜酸性变,脂肪变性,细胞水肿,玻璃样变,黏液样变,C
第9章 消化系统疾病,69,关于病毒性肝炎的肝细胞基本病变，下列哪项是错误的(),脂肪变性,嗜酸性变,气球样变性,嗜酸性坏死,溶解性坏死,A
第9章 消化系统疾病,70,肝细胞呈碎片状坏死或形成桥接坏死见于(),急性重型肝炎,亚急性重型肝炎,急性普通型肝炎,中-重度慢性肝炎,轻度慢性肝炎,E
第9章 消化系统疾病,71,下列均为假小叶的特点，但除外(),肝小叶内中央静脉缺如,肝小叶内出现汇管区,肝小叶内可有两条以上中央静脉,肝细胞排列紊乱，可出现双核肝细胞,肝细胞广泛凋亡，大量凋亡小体形成,E
第9章 消化系统疾病,72,肝硬化形成过程的基本病理变化不包括(),肝细胞溶解性坏,肝细胞结节状再生,肝细胞嗜酸性坏,肝细胞桥接坏死,纤维组织增生,C
第9章 消化系统疾病,73,慢性酒精中毒引起的最严重的肝脏损害是(),槟榔肝,脂肪肝,肝萎缩,酒精性肝炎,酒精性肝硬化,E
第9章 消化系统疾病,74,下列哪种肝炎最易发展成肝硬化(),中-重度慢性肝炎,急性重型肝炎,轻度慢性肝炎,急性乙型肝炎,急性甲型肝炎,A
第9章 消化系统疾病,75,细胞内出现 Mallory 小体常见于(),门脉性肝硬化,坏死后性肝硬化,淤血性肝硬化,酒精性肝硬化,胆汁性肝硬化,D
第9章 消化系统疾病,76,下述肝硬化腹水生成的机制中，不正确的说法是(),肝脏合成白蛋白减少,血内抗利尿激素、醛固酮增高,结缔组织增生、肝静脉受压,门静脉淤血、血管壁通透性增强,肝窦内压力升高,C
第9章 消化系统疾病,77,碎片状坏死：慢性肝炎时，肝小叶周边的界板肝细胞坏死、崩解，形成带状、片犬或灶状连接的坏死灶，并伴有炎细胞浸闰。6.小肝癌：即早期肝癌，是指单个肝癌结方直径在3cm 以下或结节数目不超过两157.男性患者昏迷不醒，曾有乙肝病史，昏迷前一段时间内睾丸萎缩、乳腺发育和,中毒性休克,药物中毒,肝性脑病,中枢神经受损,以上说法都不对,D
第9章 消化系统疾病,78,假小叶的特征性病变不包括有(),纤维组织增生，分割包绕肝小叶形成,肝细胞紊乱、脂肪变性,肝细胞团内出现汇管区,肝细胞团内缺少中央静脉,肝细胞团内中央静脉数量偏位或有两,B
第9章 消化系统疾病,79,在门脉性与坏死后性肝硬化病变的区别中，不包括下列哪一项(,假小叶的大小,纤维间隔的厚薄,炎细胞浸润的轻重,肝内小血管改建的有无,肝细胞坏死的多少,D
第9章 消化系统疾病,80,下列哪项不属于门脉高压症的表现(）,脾大,肝大,,,,B
第9章 消化系统疾病,81,假小叶：肝硬化时，正常肝小叶结构被破坏，由广泛增生的纤维组织将肝细胞再生结节分割包绕成大小不等、圆形或椭圆形的肝细胞团，称假小叶。,,,食道静脉曲张,痔核形成,腹水,A
第10章 淋巴造血系统疾病,1,在急性白血病中，最重要和具有诊意义的病理改变是(),外周血白细胞增多,骨髓幼稚白细胞增多,骨髓巨核细胞减少,肝内幼稚白细胞浸润,淋巴结肿大,B
第10章 淋巴造血系统疾病,2,淋巴细胞是免疫活性细胞，以下哪细胞不属于其中(),B 细胞,Th 细胞,Tc 细胞,NK 细胞,单核巨噬细胞,E
第10章 淋巴造血系统疾病,3,急性、慢性粒细胞性白血病时，在骨内、骨膜下或其他器官内，出现白血病细胞形成的瘤结，该瘤为(),黄色瘤,白色瘤,棕色瘤,绿色瘤,转移瘤,D
第10章 淋巴造血系统疾病,4,患者颈部淋巴结肿大时，可能性最小的疾病是(),恶性淋巴瘤,肺癌淋巴结转移,鼻咽癌淋巴结转移,甲状腺癌淋巴结转移,颅内肿瘤淋巴结转移,E
第10章 淋巴造血系统疾病,5,下列属于T细胞性淋巴瘤的恶性肿瘤是(),淋巴浆细胞型淋巴瘤,蕈样霉菌病/Sezary 综合征,滤泡型淋巴瘤,套细胞淋巴瘤,绿色瘤,D
第10章 淋巴造血系统疾病,6,霍奇金淋巴瘤多发生于(,颈部淋巴结,纵隔淋巴结,腋下淋巴结,肠系膜淋巴结,腹膜后淋巴结,A
第10章 淋巴造血系统疾病,7,可合并白血病的淋巴瘤主要是),淋巴细胞为主型霍奇金病,小淋巴细胞性淋巴瘤,免疫母细胞性淋巴瘤,伯基特淋巴瘤,骨髓瘤,B
第10章 淋巴造血系统疾病,8,淋巴细胞消减型→混合细胞型→结节硬化型→淋巴细胞为主型,细胞单一,首先累及深部淋巴结,淋巴细胞为主型→结节硬化型→淋巴,淋巴细胞为主型→结节硬化型→混合,淋巴细胞消减型→淋巴细胞为主型→,C
第10章 淋巴造血系统疾病,9,关于霍奇金淋巴瘤的特点下列说法正确的是(）,细胞单一,首先累及深部淋巴结,病变先从一个淋巴结开始，逐渐向远,多处淋巴结同时发生,以上都不是,B
第10章 淋巴造血系统疾病,10,在结节硬化型霍奇金淋巴瘤中不易见到的细胞是(),陷窝细胞,嗜酸性粒细胞,幼稚的淋巴细胞,Reed-Stenlberg 细胞,成纤维细胞,A
第10章 淋巴造血系统疾病,11,胶原纤维束出现在下列哪个类型的霍奇金淋巴瘤(）,淋巴细胞消减型,淋巴细胞为主型,网织型,结节硬化型,双核并列对称，有大的嗜酸性核仁的,D
第10章 淋巴造血系统疾病,12,典型的镜影细胞是(,多核瘤巨细胞,细胞大，胞质丰富，双色性或嗜酸性,核大，核膜厚，核呈空泡状,有大的嗜酸性核仁,双核并列对称，有大的嗜酸性核仁的,C
第10章 淋巴造血系统疾病,13,关于淋巴瘤的叙述，错误的是(),青少年多见，是儿童最常见的恶性肿,肉眼呈结节状，可有假包膜，切面呈,是原发于淋巴结和结外淋巴组织的恶,分为霍奇金淋巴瘤、非霍奇金淋巴瘤,淋巴组织结构破坏，瘤细胞弥漫分布，,C
第10章 淋巴造血系统疾病,14,Ph1 染色体主要出现在哪种白血病(),急性淋巴细胞性白血病,慢性淋巴细胞性白血病,急性粒细胞性白血病,慢性粒细胞性白血病,单核细胞性白血病,D
第10章 淋巴造血系统疾病,15,关于慢性淋巴细胞性白血病的淋巴结，下述不正确的是(),瘤细胞浸润包膜,淋巴结结构破坏,淋巴结切面上见大片坏死,淋巴结切面呈鱼肉状,肿大淋巴结常相互融合,E
第10章 淋巴造血系统疾病,16,霍奇金淋巴瘤最常发生的部位是(）,腋下淋巴结,纵隔淋巴结,腹膜后淋巴结,腹股沟淋巴结,颈部淋巴结,D
第10章 淋巴造血系统疾病,17,下列哪种是变异型R-S细胞(),Langerhans 细胞,陷窝细胞,泡沫细胞,燕麦细胞,异型性组织细胞,D
第10章 淋巴造血系统疾病,18,关于霍奇金淋巴瘤，有诊断意义的细胞是(),类上皮细胞,陷窝细胞,镜影细胞,异物巨细胞,异型性组织细胞,D
第10章 淋巴造血系统疾病,19,系统性红斑狼疮患者皮肤损害的典型病变表现为(),皮下小结,蜘蛛痣,肢体环形红斑,面部蝶形红斑,出血点,A
第10章 淋巴造血系统疾病,20,与移植物的迟发排斥反应关系最密切的细胞是(),浆细胞,淋巴细胞,组织细胞,中性粒细胞,嗜酸性粒细胞,C
第10章 淋巴造血系统疾病,21,属于移植物抗宿主反应的是(),急性排斥反应,超急性排斥反应,Arthus 反应,骨髓移植排斥反应,超敏反应,D
第10章 淋巴造血系统疾病,22,系统性红斑狼疮最有诊断意义的检查指标是(),抗组蛋白抗体,抗双股 DNA 抗体,抗平滑肌抗体,抗血小板抗体,抗粒细胞抗体,E
第10章 淋巴造血系统疾病,23,对类风湿小结描述错误的是(),好发于皮肤,中央为干酪样坏死,外面可有肉芽组织,约 1/4 的患者可出现,有核呈栅状或放射状排列的上皮样细,B
第10章 淋巴造血系统疾病,24,对狼疮性肾炎具有诊断价值的形态特征是(),狼疮小体,肾小球系膜细胞增生,补体沉积,电子致密物沉积,免疫球蛋白,C
第10章 淋巴造血系统疾病,25,不属于类风湿性关节炎病变特点的是(),急性坏死性动脉炎,滑膜下淋巴滤泡的形成,关节软骨表面血管翳的形成,Aschoff 小体的生成,晚期关节的畸形,D
第10章 淋巴造血系统疾病,26,系统性红斑狼疮患者心脏典型病变为(),心瓣膜非细菌性疣状赘生物,心外膜纤维素性炎,心瓣膜闭锁缘菜花样赘生物,,,D
第10章 淋巴造血系统疾病,27,是霍奇金病的诊断性细胞，体积大，胞浆丰富，核大，双叶核见于霍奇金病，双叶核的R-S细胞的两叶核或多叶核，核仁大而嗜酸性，周围有一透明晕，空型者双叶核面对面排列形成所谓镜影细胞。29.是霍奇金病的诊断性细胞，体积大，胞浆丰富，双色或嗜酸性，核大，双核或多核，核内有一个大而嗜酸性的核仁，周围,表皮萎缩、角化过度,基底细胞液化,狼疮带,MeCallum 斑,心瓣膜钙化,E
第10章 淋巴造血系统疾病,28,是一种造血组织的恶性肿瘤增生性疾病，异常白细胞在造血器官中无限制增生，常侵入髓外组织及外周血液。31.是起源于淋巴结和结外淋巴及其他组,表皮萎缩、角化过度,基底细胞液化,狼疮带,MeCallum 斑,心瓣膜钙化,B
第10章 淋巴造血系统疾病,29,系统性红斑狼疮患者皮肤损害具有病理学诊断意义的是(),表皮萎缩、角化过度,基底细胞液化,狼疮带,表皮真皮交界处水肿,血管周围淋巴细胞浸润,B
第10章 淋巴造血系统疾病,30,系统性红斑狼疮引起组织病理损害最重要的因素是(),CD8 细胞,CD4 细胞,自身抗体,苏木素小体,狼疮细胞,C
第10章 淋巴造血系统疾病,31,下列那项不是自身免疫性疾病(),系统性红斑狼疮,急性胰腺炎,硬皮病,类风湿性关节炎,重症肌无力,B
第11章 免疫性疾病,1,急性坏死性小动脉、细动脉炎是基本病症变；活动期病变以纤维素样坏死为主，慢性期血管壁纤维化明显，管腔狭窄，血管()周围淋巴细胞浸润伴水肿及基质增加。A. 上行性感染(1)皮肤：蝶形红斑的形成。皮损多见于面B.血源性感染部，两颧及鼻梁有红色斑，并互相连接成C.边缘清楚的蝴蝶形红斑，镜下见表皮有萎D.医源性感染缩、角化过度、毛囊角栓形成、基底细胞E. 多途径感染,肺炎杆菌,,肾小球代偿性肥大,肾小管管腔内见淋巴细胞,,E
第11章 免疫性疾病,2,引起肾盂肾炎最主要的病原菌是()A.肺炎杆菌(4)关节：95%的病例受累。表现为滑膜充B.葡萄球菌血水肿，单核细胞、淋巴细胞浸润等，紧C.链球菌接上皮处浅表部位的结缔组织内可出现D.副大肠杆菌,体积缩小,,,颜色苍白,大肠杆菌,E
第11章 免疫性疾病,3,自身免疫性疾病通常包括以下几类：①B.质地变硬系统性红斑狼疮②类风湿性关节炎③口C.肾内小动脉硬化D.颜色苍白17.①患者有明显的家族倾向性，不少与E.表面有不规则凹陷性疤痕HLA 抗原有关。②血液中存在高滴度自身195. 急性链球菌感染后的肾小球肾炎属抗体和(或)能与自身组织成分起反应的致于：敏淋巴细胞。③病程反复发作，好发于女,毛细血管内增生性肾小球肾炎,,系膜增生性肾小球肾炎,,,B
第13章 生殖系统疾病,1,儿童男性生殖系统中最常见的肿瘤是C. 子宫颈的储备细胞()D. 以上都可以,畸胎瘤E. 以上都不是,精原细胞瘤5.子宫颈癌的癌前病变是(,胚胎性癌A. 宫颈息肉,内胚窦瘤B. 腺体潴留性囊肿,阴茎癌,C
第13章 生殖系统疾病,2,乳腺桔皮样外观最常见于(),浸润性小叶癌,浸润性导管癌C. 宫颈上皮鳞状化生,小叶原位癌D. 宫颈上皮异型增生,典型髓样癌E. 宫颈肥厚,导管内原位癌,E
第13章 生殖系统疾病,3,最常见的前列腺癌是()C. 盆腔检查,黏液腺癌D. 宫颈刮片细胞学检查,移行细胞癌E. 宫颈活检病理切片诊断,腺癌,,,C
第13章 生殖系统疾病,4,子宫颈癌的组织发生可来源于B. 细胞具有异型性,发病高峰为45岁,,累及上皮全层,细胞增生活跃、层数增多,增生细胞表层为不全角化层,B
第13章 生殖系统疾病,5,下列关于子宫颈癌的描述，错误的是(),发病高峰为45岁,小叶原位癌,中分化鳞癌最多见,几乎所有的子宫颈癌均来源于子宫颈,早期即可侵犯膀胱和直肠,E
第13章 生殖系统疾病,6,乳腺癌最常见的类型为(),导管内癌,小叶原位癌,浸润性导管癌,,髓样癌,D
第13章 生殖系统疾病,7,乳腺癌最常发生于乳房的(),外上象限,外下象限,内上象限,,中央部,E
第13章 生殖系统疾病,8,子宫颈原位癌与不典型增生的鉴别主要D. 内下象限,非增生性纤维囊性变,,,,中央部,D
第13章 生殖系统疾病,9,乳腺导管上皮,卵巢癌,,腺泡上皮,,,C
第13章 生殖系统疾病,10,导管原位癌,子宫腺肌瘤,乳腺纤维腺瘤,早期浸润癌,小叶原位癌,小叶浸润癌,C
第13章 生殖系统疾病,11,乳腺最常见的良性肿瘤是(,,卵巢,子宫肌壁内形成平滑肌增生的结节限,子宫肌壁内出现子宫内膜及腺体,阴道,B
第13章 生殖系统疾病,12,关于乳腺粉刺癌的描述，正确的是16.女性生殖系统中最常见的良性肿瘤为17.子宫腺肌病主要的病理学特征是,,早期浸润癌,子宫肌壁内形成平滑肌增生的结节限,子宫肌壁内出现子宫内膜及腺体,子宫内膜腺体出现于其他器官的肌层,D
第13章 生殖系统疾病,13,女性，45岁，主诉有阴道不规则流血及分泌物带血等症状，妇科检查见宫颈稍肥厚，病理学检查为鳞状细胞癌。作子宫颈癌根治术。光镜检查见部分癌细胞已突破基底膜向下浸润达2cm。分析其属于哪)能诊断为(,子宫颈内口,早期浸润癌,内生浸润型癌,外生菜花型癌,溃疡型癌,E
第13章 生殖系统疾病,14,子宫颈癌多开始发生于(),子宫颈内口,子宫颈外口上皮移行区(,子宫颈管,子宫颈前唇近阴道部B. 卵巢,子宫颈后唇分泌物浸渍处,C
第13章 生殖系统疾病,15,子宫内膜异位症最多见的部位是D. 腹腔),子宫腺肌病,核分裂象可见,盆腔淋巴结,子宫直肠陷凹下,间质减少,A
第13章 生殖系统疾病,16,鉴别高分化子宫内膜腺癌与子宫内膜异型增生的主要诊断依据是(),腺体排列拥挤，呈不规则形,核分裂象可见,上皮细胞具异型性(,有间质浸润A. 峡部,间质减少,A
第13章 生殖系统疾病,17,女性，53岁，阴道不规则流血，超声显像见子宫浆膜下、肌壁和黏膜有多个大D. 伞端小不等结节，最可能诊断是(),子宫内膜癌,绒毛膜癌(,侵蚀性葡萄胎,子宫平滑肌瘤,子宫内膜异位症,C
第13章 生殖系统疾病,18,下列关于子宫颈上皮非典型增生的描述，错误的是(),重度非典型增生和原位癌没有明显界,好发部位是鳞、柱状细胞交界带,非典型增生如合并感染 HPV-16、18、,细胞来源为移行带柱状上皮,宫颈浸润癌的形成并非均通过上皮非,D
第13章 生殖系统疾病,19,女性，30岁，右下腹发现包块已3月，手术见右侧卵巢被一囊性肿物取代。囊内充满皮脂样物、毛发及牙齿。该肿块最可),囊腺瘤,囊腺癌,畸胎瘤,无性细胞瘤,内胚窦瘤,E
第13章 生殖系统疾病,20,异位妊娠最常发生的部位是),子宫颈,可以单发或多发,输卵管,瘤组织常呈灰白色、编织状或漩涡状,子宫肌层内,A
第13章 生殖系统疾病,21,下列哪一项不符合子宫肌瘤的病理学),可以发生在子宫壁内、浆膜下或黏膜,可以单发或多发,具有明显的包膜,瘤组织常呈灰白色、编织状或漩涡状,瘤细胞与正常平滑肌细胞相似,B
第13章 生殖系统疾病,22,输卵管妊娠最常见的部位是),子宫颈癌,壶腹部,间质部,卵巢胚胎性癌,漏斗部,C
第13章 生殖系统疾病,23,下列哪种肿瘤易发生腹腔和盆腔种植),子宫颈癌,子宫绒毛膜癌,卵巢畸胎瘤,卵巢胚胎性癌,卵巢黏液性囊腺癌,E
第13章 生殖系统疾病,24,卵巢生殖细胞瘤中最常见的是),不成熟畸胎瘤,卵巢胚胎性癌,无性细胞瘤,成熟型畸胎瘤,内胚窦瘤,C
第13章 生殖系统疾病,25,下列哪项不是绒癌的特征(),子宫肌层内可见侵蚀的绒毛,呈暗红色、出血坏死的肿块,主要为血道转移,可有阴道结节出现,刮宫后 HCG 不恢复正常,B
第13章 生殖系统疾病,26,绒毛膜癌最常转移至(,阴道,肺,骨,脑,肝,D
第13章 生殖系统疾病,27,葡萄胎来源于何种细胞(,蜕膜细胞,胎盘内血管内皮细胞,子宫内膜细胞,滋养层细胞,原始生殖细胞,E
第13章 生殖系统疾病,28,关于前列腺肥大哪种说法是错误的(),与雄激素和雌激素平衡失调有关,增大的前列腺呈结节状，切面筛孔状,前列腺的腺体、平滑肌和纤维组织不,腺腔内可见淀粉样小体,是一种肿瘤性疾病,C
第13章 生殖系统疾病,29,前列腺增生症对人体最大的危害在于(),引起性功能障碍,使内分泌紊乱,引起排尿困难,易恶变,以上都不是,B
第13章 生殖系统疾病,30,以下关于前列腺增生症的描述，错误的是(),常见于老年人,多发生于前列腺的尿道周围及移行区,呈结节状增生,早期结节由增生的腺体和纤维组织组,与前列腺癌无直接关系,D
第13章 生殖系统疾病,31,侵蚀性葡萄胎与良性葡萄胎的主要不同点是(),可见胎盘绒毛间质水肿、增大,滋养层细胞增生，具有异型性,绒毛结构消失,绒毛侵犯子宫壁深肌层,间质血管消失,E
第13章 生殖系统疾病,32,Krukenberg 瘤是指(,卵巢黏液性囊腺瘤恶变,卵巢乳头状腺癌,卵巢腺癌伴广泛转移,卵巢转移性黏液癌,卵巢转移性子宫内膜癌,D
第13章 生殖系统疾病,33,恶性与良性葡萄胎的相同点在于),可见胎盘绒毛组织,明显的出血坏死,侵犯肌层内,发生阴道结节,可有远隔脏器转移,B
第13章 生殖系统疾病,34,成熟畸胎瘤镜下最常见的组织为),甲状腺,皮肤组织、脂肪,骨、软骨,胃肠,神经,E
第13章 生殖系统疾病,35,子宫颈早期浸润癌是指(,癌细胞未突破基底膜,癌细胞未突破基底膜，但已累及腺体,癌浸润深度不超过基底膜下 5mm,癌浸润深度不超过基底膜下1mm,癌浸润深度不超过基底膜下1cm,B
第13章 生殖系统疾病,36,下列关于子宫颈原位癌的描述，哪项是错误的(),预后良好,阴道脱落细胞涂片检查阳性,局部淋巴结无转移,累及腺体时称为浸润癌,癌细胞未突破上皮基底膜,D
第13章 生殖系统疾病,37,下列关于良性畸胎瘤的描述，正确的是),也称为不成熟畸胎瘤,来源于生殖细胞,一般体积较小，实性多见,镜下可见菊形团神经管样神经上皮,无恶变可能,D
第13章 生殖系统疾病,38,下列关CIN的描述，错误的是),CIN 属于癌前病变,CINIII级即原位癌,HBV,,MCV,E
第13章 生殖系统疾病,39,尖锐湿疣的病因是(),HPV 感染,HSV 感染,MCV 感染,与梅毒有关,细菌感染,C
第13章 生殖系统疾病,40,子宫颈上皮不典型增生是一种),恶性肿瘤病变,良性肿瘤病变,炎症性病变,癌前病变,组织损伤性病变,C
第13章 生殖系统疾病,41,子宫颈癌与下列何种病毒感染有关）47.下列关于慢性子宫颈炎的描述，错误的),多发生于流产、分娩后,宫颈上皮可有不同程度的增生、化生,子宫颈腺体囊肿形成,宫颈息肉，其恶性率较高,间质内常无明显炎症现象,B
第13章 生殖系统疾病,42,子宫颈上皮不典型增生是指子宫颈上皮层内有异型细胞增生，分轻度、中度、重32.D37.D33.E38.A34.C39.B35.D40.C36.D41.D为浸润癌。,乳头状癌,髓样癌,滤泡癌,,,B
第14章 内分泌系统疾病,1,由滤泡旁细胞发生的甲状腺癌是),小细胞型,梭形细胞型,巨细胞型,小细胞型未分化癌,巨细胞型未分化癌,B
第14章 内分泌系统疾病,2,下列哪项不是未分化甲状腺腺癌的类型(),小细胞型,梭形细胞型,巨细胞型,髓样癌,混合细胞型,D
第14章 内分泌系统疾病,3,地方性甲状腺肿的最主要原因是(),致甲状腺肿物质,缺碘,甲状腺刺激免疫球蛋白,遗传,碘摄入过高,B
第14章 内分泌系统疾病,4,按垂体腺瘤功能分类，以哪种类型最多见(),生长激素细胞腺瘤,催乳素细胞腺瘤,促肾上腺皮质激素细胞腺瘤,促性腺激素细胞腺瘤,促甲状腺素细胞腺瘤,B
第14章 内分泌系统疾病,5,非毒性甲状腺肿胶质贮积期的主要病变是(),甲状腺不均匀性肿大,滤泡高度扩张，内含大量胶质，上皮,滤泡上皮呈高柱状，间质充血,甲状腺形成结节,滤泡上皮明显增生，呈立方形，伴小,B
第14章 内分泌系统疾病,6,关于结节性甲状腺肿的叙述，下列哪项是正确的(),结节常为单个,结节边界清楚，有完整包膜,甲状腺滤泡小而一致，排列拥挤,甲状腺滤泡过度扩大，滤泡上皮增生,结节内甲状腺与周围不一致，周围组,D
第14章 内分泌系统疾病,7,少年及成年人甲状腺功能低下表现为(),黏液水肿,克汀病,结节性甲状腺肿,Cushing 综合征,,A
第14章 内分泌系统疾病,8,关于克汀病的叙述，下列哪项是正确的),甲状腺肿大,骨骼发育异常，身材高大,大脑发育不全，智力低下,基础代谢增强,血中有抗甲状腺自身抗体,C
第14章 内分泌系统疾病,9,甲状腺腺瘤与结节性甲状腺肿的主要),发病年龄和性别不同,有无完整的包膜，瘤内组织结构是否,结节的数目不同,滤泡中有无胶质,前者肿块为单个，大小不超过3cm,B
第14章 内分泌系统疾病,10,颈中部淋巴结转移性肿瘤灶中可见淀粉样物，首先考虑的原发灶是）,鼻咽泡状核细胞癌,甲状腺髓样癌,肺小细胞癌,甲状腺乳头状癌,甲状腺滤泡癌,B
第14章 内分泌系统疾病,11,下列哪项与甲状腺滤泡性癌有关),有无滤泡形成,包膜或血管有无肿瘤细胞浸润,有无完整的包膜,多发于青少年,以上均不是,B
第14章 内分泌系统疾病,12,间质中出现有助于诊断的砂粒体的甲),滤泡性腺癌,,,,混合细胞癌,B
第14章 内分泌系统疾病,13,出现毛玻璃状核的甲状腺癌是),滤泡性腺癌,,,,梭形细胞癌,B
第14章 内分泌系统疾病,14,下列哪项不是甲状腺乳头状癌的特点(移病灶,癌细胞排列成不规则的乳头,癌细胞胞核呈透明或毛玻璃状,恶性程度高,间质中有砂粒体,肉瘤,C
第14章 内分泌系统疾病,15,关于甲状腺乳头状癌的叙述，下列哪项是不正确的(),为最多见的甲状腺癌,青少年女性多见,本癌发现时约 50%已有颈淋巴结转移，,生长较慢，预后较好,有时原发灶很小，临床上首先发现转,C
第14章 内分泌系统疾病,16,甲状腺滤泡性腺瘤和滤泡癌的鉴别诊断最重要的是(),滤泡大小,被膜是否受侵犯,包膜和血管是否受侵犯,淋巴结是否有转移,远处器官是否有转移,C
第14章 内分泌系统疾病,17,甲状腺恶性肿瘤中生长慢，恶性程度低，发病率最高的是(),滤泡性癌,乳头状腺癌,髓样癌,未分化癌,佝偻病,B
第14章 内分泌系统疾病,18,新生儿或幼儿时期甲状腺功能低下，表),黏液水肿,弥漫性增生性甲状腺肿,弥漫性胶样甲状腺肿,克汀病,佝偻病,D
第14章 内分泌系统疾病,19,下列哪项不是胰岛素依赖型糖尿病胰岛的镜下改变(),胰岛变小数量减少,胰岛细胞进行性破坏，胰岛细胞数减,胰岛细胞间，毛细血管基底膜有淀粉,胰岛及周围间质内见大量淋巴细胞浸,有胰岛纤维化,C
第14章 内分泌系统疾病,20,下列哪项不是非胰岛素依赖型糖尿病的特点(),患者年龄在40岁以上,早期就有胰岛B细胞破坏和减少，血,无自身免疫反应的表现,肥胖是重要因素,常见胰岛淀粉样变性,B
第14章 内分泌系统疾病,21,Ⅱ型糖尿病,肥胖,,Ⅰ型和Ⅱ型糖尿病,,继发性糖尿病,C
第14章 内分泌系统疾病,22,肾功能不全,满月脸容貌,,肝脂肪变性,,肿瘤,C
第14章 内分泌系统疾病,23,无抗胰岛细胞抗体,慢性淋巴细胞性甲状腺炎,毒性甲状腺肿,胰岛数目正常或轻度减少,血胰岛素水平明显降低,肥胖者多见,C
第14章 内分泌系统疾病,24,嗜铬细胞瘤最常见于(,肾上腺髓质,主动脉旁副节细胞,肾上腺皮质,甲状腺旁腺细胞,胰岛细胞,A
第14章 内分泌系统疾病,25,下列哪项不是甲状腺功能低下的原因(,甲状腺正常结构破坏，有大量的淋巴(,甲状腺滤泡萎缩，滤泡上皮常有嗜酸,病变向周围组织蔓延，粘连，质硬似D. 胶样腺瘤,,钙化,B
第14章 内分泌系统疾病,26,下列哪项不是桥本甲状腺炎的特点E. 以上均可,甲状腺正常结构破坏，有大量的淋巴(,甲状腺滤泡萎缩，滤泡上皮常有嗜酸,病变向周围组织蔓延，粘连，质硬似D. 胶样腺瘤,,,C
第14章 内分泌系统疾病,27,少年及成年人甲状腺功能低下表现为细胞组成78.能引起血中甲状腺素过多，导致甲状腺性度最低)79.下列哪项不是毒性甲状腺肿的临床表期病变特点。,结节内常见出血坏死囊性变,滤泡上皮有乳头状增生者癌变率高,严重者出现心脏肥大、扩张、心力衰,食欲下降，厌食,甲状腺弥漫对称性肿大,B
第14章 内分泌系统疾病,28,结节性甲状腺肿的病变应包括),结节内常见出血坏死囊性变,滤泡上皮有乳头状增生者癌变率高,结节周围可见完整的包膜,上皮细胞可见不典型增生,,A
第14章 内分泌系统疾病,29,间质内可见淀粉样物质的甲状腺癌是),甲状腺乳头状癌,甲状腺滤泡癌,甲状腺髓样癌,甲状腺未分化癌,滤泡性腺瘤,C
第14章 内分泌系统疾病,30,甲状腺腺瘤包括以下哪些类型),胚胎性腺瘤,胎儿性腺瘤,单纯型腺瘤,髓样癌的瘤细胞可分泌降钙素,滤泡性腺瘤,D
第14章 内分泌系统疾病,31,对于甲状腺癌的描述，下列哪些是正确）,乳头状癌的间质常有砂粒体出现,滤泡性腺癌少数情况下主要由嗜酸性,未分化癌可分为小细胞型、巨细胞型,髓样癌的瘤细胞可分泌降钙素,甲状腺癌中乳头状癌发病率最高，恶,E
第14章 内分泌系统疾病,32,结节性甲状腺肿和甲状腺瘤的诊断及鉴别要点：(1)前者呈多结节状，结节大小不一，包膜不完整，并有出血、囊性变、钙化和骨化。后者一般单发，有完整包膜。(2)前者滤泡大小不一，可见增生和复旧的变化混杂；后者滤泡大小较一致。(3)前者周围甲状腺组织无受压现象，邻近,皮肤、粘膜广泛性瘀点及瘀斑B.双侧肾,,蛛网膜下腔充满脓性渗出物D.起病急,,伴有周围循环衰竭,B
第14章 内分泌系统疾病,33,下列关于乙型脑炎的病理改变的描述，哪一项是错误的？,小血管周围有多量淋巴细胞浸润B.神,,筛状软化灶形成D.胶质结节形成E.神,,,E
第14章 内分泌系统疾病,34,小儿麻痹症病变主要累及,脊髓前角细胞B.小脑蒲肯野细胞 C.丘,,胶质小结节形成D.蛛网膜下腔见中性立克次体,,,C
第14章 内分泌系统疾病,35,下列除哪一项外都是帕金森综合症的生，并伴有A.神经元纤维缠结B.神经元空泡变性,中枢神经中乙酰胆碱相对增加 B.在黑C.Waller 变性,,黑质神经元数目减少D.黑质神经元内30. 神经元单纯性萎缩一般不常伴有,,色素性神经细胞内出现Lewy 小体细胞胞体萎缩,C
第14章 内分泌系统疾病,36,人体内吞噬灭活结核杆菌主要依靠435. 女性生殖系统结核病最常见的是,T 淋巴细胞 B. 浆细胞 C. 巨噬细胞A. 子宫颈结核 B. 子宫内膜结核 C. 阴道,,,卵巢结核E. 输卵管结核,,C
第14章 内分泌系统疾病,37,下列哪种疾病最易引起肠道狭窄,肠阿米巴病B. 肠伤寒C. 肠结核病状隆起,,,细菌性痢疾 E. 肠血吸虫病,,C
第14章 内分泌系统疾病,38,骨结核最常发生的部位是,肱骨上端 B. 胫骨上端 C. 股骨下端,,,脊柱骨 E. 指骨,,D
第14章 内分泌系统疾病,39,伤寒病变主要累及,泌尿系统 B. 呼吸系统 C. 骨髓,,,单核-吞噬细胞系统E. 消化系统,,E
第14章 内分泌系统疾病,40,急性细菌性痢疾的典型肠道病变表现为,变质性炎 B. 浆液性炎C. 化脓性炎21. 麻风,,,假膜性炎 E. 卡他性炎22. 伤寒,,D
第14章 内分泌系统疾病,41,在梅毒血管周围炎的病变中，哪些炎答案：细胞浸润最多见,巨噬细胞和类上皮细胞B. 肥大细胞和,,淋巴细胞和浆细胞D. 单核细胞，嗜酸,,浆细胞、中性粒细胞和淋巴细胞,C
第14章 内分泌系统疾病,42,晚期梅毒最常侵犯核病类型,周围神经系统B. 骨骼系统C. 消化系,,,中枢神经系统E. 心血管系统,,E
第14章 内分泌系统疾病,43,淋病是由淋球菌引起的,慢性化脓性炎 B. 急性化脓性炎C. 出,,,急性增生性炎E. 浆液纤维蛋白性炎,,B
第14章 内分泌系统疾病,44,下列哪项符合肠伤寒时形成的溃疡的形态特点,呈烧瓶状，口小底大B. 呈椭圆形，其样坏死。,,呈浅表的地图形D. 不规则边缘呈火山特征。,,呈环形或带状包绕肠管,B
第14章 内分泌系统疾病,45,病变以渗出为主，X线见锁骨下区有边缘不清的云雾状阴影是,溃疡浅表，形状不规则 B. 溃疡长轴与,,溃疡呈烧瓶状，口小底大长轴与肠管的长轴平行，孤立淋巴小结处,溃疡长轴与肠轴垂直 E. 溃疡边缘呈堤的溃疡小而圆。镜下见溃疡底部有少量坏,,E
第14章 内分泌系统疾病,46,肠结核达肌层及浆膜层，易引起肠穿孔、出血。,可合并急性肠穿孔B.可合并肠大出血（3）细菌性痢疾：病变多好发于直肠和,,两者均是D. 两者均否乙状结肠，其典型病变为早期急性卡他性,,,E
第14章 内分泌系统疾病,47,肠结核成：假膜性炎，即黏膜浅表坏死，与渗出,肉芽肿性炎 B. 急性增生性炎物中的大量纤维素、炎症细胞和红细胞及,,两者均是D. 两者均否细菌等混合形成特征性的假膜，大约在发,,,A
